Customer ID,Recency,Frequency,Monetary
12346.0,67,15,-51.739999999999995
12347.0,3,2,1323.32
12348.0,74,1,222.16
12349.0,43,4,2646.99
12351.0,11,1,300.93
12352.0,11,2,343.8
12353.0,44,1,317.76
12355.0,203,1,488.21000000000004
12356.0,16,3,3560.3
12357.0,24,2,12079.99
12358.0,11,3,2719.01
12359.0,61,8,2469.36
12360.0,15,6,1550.83
12361.0,98,3,321.35
12362.0,374,1,130.0
12366.0,269,1,500.24
12368.0,264,1,917.6999999999999
12369.0,49,3,1791.15
12370.0,260,3,774.62
12371.0,45,3,2179.42
12373.0,260,2,763.0500000000001
12374.0,57,3,2246.29
12376.0,25,2,503.15
12377.0,17,2,1798.2
12378.0,198,1,1407.7
12379.0,58,2,767.98
12380.0,17,10,5167.44
12382.0,318,1,-18.38
12385.0,15,2,1923.4
12386.0,2,1,258.9
12387.0,51,1,143.94
12388.0,81,2,1120.45
12389.0,38,3,1433.33
12391.0,100,6,2259.58
12392.0,227,1,234.75000000000003
12393.0,18,3,794.15
12395.0,7,4,2048.64
12396.0,310,1,931.43
12399.0,21,3,853.65
12400.0,50,1,205.25
12402.0,28,6,1018.55
12403.0,157,1,591.6600000000001
12404.0,318,1,63.24
12406.0,24,4,2791.46
12408.0,15,5,1437.07
12409.0,56,6,12033.539999999999
12410.0,138,1,320.38
12411.0,45,1,346.9
12412.0,38,5,1354.15
12413.0,38,1,241.35
12414.0,99,5,130.0
12415.0,11,7,19543.84
12416.0,292,1,202.56
12417.0,37,15,3109.91
12418.0,49,4,1348.37
12419.0,21,2,503.01
12421.0,51,3,286.56
12422.0,30,18,3315.79
12423.0,23,2,763.08
12424.0,58,5,1528.82
12425.0,66,2,903.61
12426.0,282,2,728.6800000000001
12427.0,7,1,303.5
12429.0,1,6,3685.11
12431.0,9,16,4303.02
12433.0,2,6,7052.99
12434.0,17,1,297.29
12435.0,32,4,6096.04
12437.0,29,28,7498.19
12439.0,318,3,1089.18
12440.0,93,3,768.15
12441.0,2,1,173.55
12443.0,368,1,485.31
12445.0,36,2,293.08000000000004
12449.0,46,2,768.6
12450.0,35,5,469.07
12451.0,99,4,3613.0099999999998
12454.0,31,7,4292.71
12455.0,81,4,3413.09
12457.0,53,2,554.53
12458.0,63,2,830.09
12459.0,241,1,454.36
12460.0,92,1,326.65
12466.0,318,1,56.73
12467.0,22,2,0.0
12468.0,66,7,2900.5099999999998
12469.0,158,2,3070.54
12470.0,325,1,211.95
12471.0,8,81,19197.49
12472.0,5,26,10727.21
12474.0,4,25,4849.98
12475.0,45,1,426.26
12476.0,10,18,7137.54
12477.0,35,3,7056.63
12480.0,35,4,2153.4700000000003
12481.0,1,8,6626.17
12482.0,85,32,21893.53
12483.0,14,14,2496.34
12484.0,113,8,1806.93
12485.0,165,1,708.1
12486.0,67,1,1037.28
12487.0,366,2,259.79999999999995
12490.0,14,12,4400.71
12492.0,39,1,452.0
12494.0,1,5,604.17
12495.0,270,2,323.4
12496.0,256,2,45.34
12497.0,36,3,5168.650000000001
12499.0,196,1,393.72
12500.0,71,12,1666.04
12503.0,220,1,1126.0
12504.0,53,2,297.0
12505.0,29,2,912.5
12507.0,220,1,539.25
12510.0,95,14,2706.76
12511.0,50,2,3065.77
12514.0,277,1,580.08
12516.0,66,2,1336.56
12519.0,100,2,354.35
12523.0,10,17,2455.48
12524.0,24,10,6605.64
12525.0,127,8,835.1800000000001
12527.0,130,2,386.8
12529.0,158,2,311.78000000000003
12530.0,45,7,2066.23
12531.0,316,2,1773.83
12533.0,254,6,1149.99
12537.0,44,1,732.94
12538.0,14,1,276.5
12539.0,86,3,5646.400000000001
12540.0,14,17,8798.25
12542.0,120,4,423.38
12543.0,84,1,980.25
12547.0,136,1,175.78
12549.0,211,6,1575.68
12553.0,21,3,896.57
12554.0,84,1,468.5
12555.0,318,1,129.23
12557.0,7,4,6725.18
12562.0,21,2,1185.18
12563.0,44,1,249.24
12567.0,3,8,4278.88
12568.0,280,1,70.0
12570.0,318,1,77.52
12573.0,17,4,556.87
12575.0,93,2,622.8199999999999
12576.0,28,5,776.89
12577.0,17,5,990.5
12578.0,21,3,1819.0900000000001
12580.0,212,1,637.2
12582.0,58,2,1469.04
12583.0,9,14,7157.5599999999995
12586.0,4,4,1848.73
12588.0,35,4,724.08
12589.0,50,9,2447.49
12590.0,137,2,-7.9
12591.0,26,2,886.1
12592.0,155,6,715.02
12594.0,14,6,1724.29
12595.0,140,1,299.02
12598.0,71,6,1411.99
12599.0,17,6,1264.14
12600.0,7,16,2374.75
12601.0,40,1,104.19999999999999
12605.0,1,5,1225.45
12606.0,318,1,21.0
12608.0,40,1,415.79
12609.0,10,7,2291.01
12613.0,24,7,3354.84
12615.0,49,7,3273.69
12616.0,18,2,388.1
12619.0,196,1,140.14
12621.0,1,22,10967.24
12623.0,52,8,3334.7400000000002
12625.0,145,2,2481.06
12629.0,21,2,1558.22
12631.0,67,6,2811.77
12632.0,156,4,738.88
12633.0,18,5,3454.58
12634.0,171,2,490.0
12635.0,28,2,1241.23
12636.0,374,1,141.0
12637.0,14,4,2280.91
12638.0,275,1,249.8
12639.0,70,2,826.27
12643.0,21,8,4490.66
12644.0,66,5,1337.63
12645.0,45,5,1743.72
12647.0,3,35,14012.87
12648.0,70,4,778.95
12649.0,1,7,1634.99
12651.0,14,4,251.29999999999998
12652.0,70,1,97.05000000000001
12653.0,162,1,1950.98
12655.0,59,1,261.35
12656.0,61,4,2338.06
12661.0,72,1,162.0
12662.0,9,11,3132.09
12663.0,260,3,204.0
12664.0,150,2,1188.16
12665.0,53,3,239.7
12666.0,30,1,1248.42
12668.0,14,6,7575.88
12670.0,21,2,764.24
12671.0,242,1,2622.481
12672.0,225,2,184.6
12673.0,37,1,619.5
12675.0,189,4,933.55
12676.0,44,6,1441.7
12677.0,191,3,389.3
12678.0,11,10,16262.87
12681.0,3,30,16874.17
12682.0,1,24,11657.59
12683.0,1,9,4197.51
12686.0,7,1,89.14
12687.0,116,2,2138.91
12691.0,56,1,134.6
12692.0,273,1,110.95
12693.0,32,5,809.46
12694.0,51,2,969.78
12695.0,164,3,825.02
12696.0,70,3,801.15
12698.0,226,1,339.75
12699.0,53,1,638.11
12701.0,165,4,1648.7
12703.0,269,5,617.48
12705.0,10,8,4739.76
12706.0,318,1,-91.89
12708.0,4,15,2501.84
12709.0,2,30,20769.63
12711.0,247,2,1339.05
12712.0,1,14,2738.03
12714.0,24,7,9384.85
12717.0,226,1,277.93
12720.0,5,13,2334.6
12721.0,1,4,1277.7
12724.0,19,3,1286.11
12725.0,7,4,2266.76
12726.0,23,4,1405.5
12727.0,78,3,1698.8300000000002
12728.0,19,1,233.84
12730.0,157,1,829.25
12731.0,78,5,6879.8
12733.0,25,5,1942.87
12734.0,10,2,529.25
12737.0,134,2,3710.5
12738.0,8,1,155.35
12739.0,21,2,1713.69
12741.0,165,2,406.07
12742.0,235,2,1185.02
12744.0,95,4,4037.77
12745.0,122,3,925.41
12746.0,163,3,230.85000000000002
12747.0,5,22,4949.08
12748.0,1,159,20491.27
12749.0,21,8,2460.29
12751.0,80,1,268.27
12755.0,1,19,4203.15
12758.0,95,6,6987.41
12759.0,22,5,3489.3
12760.0,91,1,347.8
12761.0,93,2,782.95
12763.0,5,1,320.08
12765.0,108,6,1404.58
12766.0,2,5,3036.8
12767.0,11,1,949.82
12768.0,67,2,3.552713678800501e-15
12770.0,35,6,1624.5
12771.0,100,2,262.5
12773.0,200,2,1.7763568394002505e-15
12774.0,171,1,98.7
12775.0,24,2,300.08
12776.0,303,1,55.5
12777.0,93,1,519.45
12778.0,32,3,953.45
12779.0,7,10,2538.06
12780.0,234,1,337.4
12782.0,10,8,2252.7200000000003
12784.0,165,1,1230.33
12785.0,171,3,773.6
12786.0,245,1,728.5
12787.0,49,2,395.52
12788.0,99,4,444.9
12789.0,148,2,181.5
12790.0,43,2,238.53
12791.0,9,8,585.15
12792.0,170,2,413.34
12793.0,7,2,471.85
12796.0,264,1,381.0
12797.0,1,4,531.28
12798.0,57,1,1533.8899999999999
12799.0,165,1,219.35
12800.0,106,3,584.25
12801.0,113,2,1031.87
12802.0,78,7,1937.84
12803.0,29,1,1092.81
12804.0,101,2,325.37
12805.0,17,4,1434.95
12806.0,71,4,2878.96
12807.0,18,3,269.95
12808.0,4,3,422.45
12809.0,189,6,1220.98
12810.0,170,2,534.99
12811.0,14,2,519.05
12813.0,137,3,1687.8
12817.0,35,2,524.94
12819.0,94,1,540.52
12820.0,33,9,1705.6
12821.0,247,1,128.07999999999998
12823.0,30,13,4742.0
12825.0,157,2,518.63
12826.0,1,8,1460.57
12829.0,186,1,92.30000000000001
12831.0,99,2,236.06
12835.0,54,49,5972.19
12836.0,25,13,3910.2200000000003
12837.0,205,1,528.5600000000001
12838.0,9,11,2672.3
12839.0,3,16,4344.21
12840.0,73,5,1299.6
12841.0,5,18,3468.36
12842.0,40,2,799.0
12843.0,18,25,4659.8
12844.0,78,2,322.64
12846.0,318,1,15.58
12847.0,23,1,765.36
12848.0,311,1,208.0
12849.0,17,4,2032.18
12850.0,81,1,330.0
12851.0,113,1,148.95
12853.0,57,7,1846.8
12854.0,197,6,1618.42
12855.0,8,4,612.84
12857.0,72,5,2577.85
12858.0,19,2,121.08
12859.0,94,1,575.1
12860.0,329,1,54.22
12861.0,255,1,68.25
12862.0,61,2,984.62
12863.0,15,5,2271.35
12864.0,144,1,152.45
12865.0,14,2,1755.24
12866.0,110,2,668.23
12867.0,33,6,3819.92
12868.0,9,3,640.0
12869.0,317,1,337.66999999999996
12870.0,2,4,1662.05
12871.0,75,1,363.38
12872.0,1,12,3055.37
12873.0,33,2,1653.3
12874.0,21,3,933.42
12875.0,107,3,1013.76
12876.0,30,3,1850.5700000000002
12877.0,37,8,1406.3700000000001
12880.0,17,2,640.13
12887.0,19,1,222.4
12889.0,17,6,365.66
12890.0,23,1,329.3
12891.0,94,9,488.5
12892.0,32,1,263.38
12894.0,211,1,157.35
12896.0,366,1,-29.75
12897.0,17,2,297.75
12898.0,99,2,296.21000000000004
12899.0,49,1,366.4
12900.0,58,1,340.33
12903.0,64,1,833.53
12905.0,212,3,1011.82
12907.0,31,3,440.36
12908.0,16,3,1026.0
12909.0,58,5,905.94
12910.0,15,6,2671.98
12911.0,187,1,1651.72
12913.0,4,9,4217.2300000000005
12914.0,36,1,223.98
12915.0,8,7,721.2
12916.0,78,3,1534.78
12917.0,36,7,3735.5
12918.0,262,3,-10953.5
12920.0,207,3,323.86
12921.0,2,55,18249.71
12923.0,26,2,597.6
12924.0,28,9,1493.2
12925.0,228,1,35.28
12926.0,47,4,1523.97
12927.0,30,1,197.31
12928.0,14,7,2242.19
12931.0,16,51,37836.86
12932.0,175,8,1698.56
12933.0,16,7,970.6
12934.0,372,1,181.65
12935.0,10,11,2025.56
12937.0,99,5,1593.34
12939.0,15,12,13683.0
12941.0,360,1,377.49
12942.0,1,1,258.75
12943.0,29,3,492.75
12945.0,292,1,437.16
12946.0,72,1,324.45
12947.0,9,1,304.04
12948.0,366,2,252.48000000000002
12949.0,18,18,11247.98
12951.0,10,12,2122.35
12953.0,158,1,498.96000000000004
12954.0,274,1,162.45
12956.0,320,3,413.82
12957.0,177,9,4649.38
12958.0,36,2,467.34
12959.0,120,2,133.35
12960.0,49,4,1322.07
12961.0,15,1,211.99
12963.0,1,6,1671.76
12964.0,73,1,132.24
12967.0,7,2,2646.02
12969.0,238,1,122.45
12970.0,16,6,1048.13
12971.0,2,34,4552.4800000000005
12972.0,49,6,1115.95
12973.0,49,1,385.55
12974.0,201,1,264.15
12975.0,66,8,1993.99
12976.0,14,7,2417.7799999999997
12977.0,137,3,474.64
12978.0,21,6,2496.07
12979.0,365,2,479.53999999999996
12980.0,15,14,8817.33
12982.0,24,15,2184.92
12983.0,234,1,490.08000000000004
12986.0,38,12,1998.3400000000001
12987.0,56,3,753.51
12989.0,60,20,5992.29
12990.0,53,4,546.0
12991.0,25,1,261.06
12992.0,361,1,93.35000000000001
12993.0,59,6,776.5
12996.0,11,1,355.5
12997.0,24,9,867.1700000000001
12998.0,128,4,897.38
13000.0,206,2,430.15000000000003
13001.0,40,22,14241.53
13002.0,52,2,293.18
13004.0,22,24,5530.56
13005.0,63,3,466.08
13007.0,215,1,175.25
13008.0,33,5,364.81
13009.0,308,1,234.0
13010.0,10,2,330.12
13011.0,8,1,50.550000000000004
13012.0,65,4,1279.56
13013.0,7,18,7814.83
13014.0,63,2,1855.4
13015.0,64,9,3119.44
13018.0,37,8,2470.06
13019.0,15,8,1212.95
13020.0,184,5,606.96
13021.0,1,13,2201.98
13022.0,65,1,65.3
13023.0,164,1,759.13
13024.0,100,3,535.42
13025.0,367,1,323.39
13026.0,124,5,753.97
13027.0,21,17,10140.0
13029.0,10,2,679.8
13030.0,4,1,402.36
13031.0,43,5,3292.84
13032.0,28,8,1793.48
13033.0,65,1,30.0
13034.0,5,2,279.91
13035.0,67,1,442.32
13036.0,320,1,307.1
13037.0,35,13,2961.48
13039.0,220,4,1010.73
13041.0,86,4,799.13
13042.0,220,4,1454.84
13044.0,128,12,4257.88
13045.0,37,2,503.64
13046.0,92,1,319.94
13047.0,9,27,5387.62
13048.0,72,8,2210.67
13049.0,25,3,727.46
13050.0,2,30,6107.83
13051.0,214,2,155.8
13052.0,56,6,2771.18
13053.0,257,1,127.65
13054.0,318,1,-14.0
13055.0,45,2,1090.55
13056.0,187,1,209.48
13057.0,166,4,528.24
13059.0,49,11,2077.82
13063.0,116,1,188.4
13064.0,186,2,561.25
13065.0,9,6,1050.1000000000001
13067.0,45,2,393.05
13069.0,5,17,4968.150000000001
13070.0,95,4,515.1
13071.0,248,1,129.22
13073.0,47,2,418.08
13074.0,147,5,1362.8400000000001
13076.0,93,1,135.4
13077.0,2,11,2301.85
13078.0,2,53,16451.55
13079.0,53,1,199.08
13080.0,37,4,202.75
13081.0,7,25,30363.670000000002
13082.0,60,15,3673.44
13083.0,61,1,91.67999999999999
13084.0,123,2,116.44999999999999
13085.0,56,7,1187.08
13086.0,18,1,439.33000000000004
13087.0,362,1,313.64
13088.0,53,1,236.11
13089.0,4,132,55801.73
13090.0,1,15,5078.94
13091.0,365,4,-450.03999999999996
13092.0,50,9,1547.5
13093.0,9,76,46332.26
13094.0,4,2,505.8
13096.0,30,1,419.70000000000005
13097.0,24,26,6910.49
13100.0,260,1,-1598.67
13101.0,134,3,594.21
13102.0,1,16,5103.83
13103.0,73,2,465.70000000000005
13104.0,51,3,610.62
13105.0,72,1,72.0
13106.0,49,1,526.96
13107.0,45,10,3585.55
13108.0,8,2,748.46
13109.0,185,2,340.74
13110.0,73,6,1443.3000000000002
13111.0,354,1,321.88000000000005
13112.0,177,3,-5.44
13113.0,2,22,6067.5599999999995
13114.0,366,1,234.38
13115.0,2,10,3168.82
13117.0,1,13,1657.2
13118.0,12,5,1209.1
13119.0,304,1,134.9
13123.0,108,2,506.75
13124.0,21,1,885.33
13125.0,159,1,148.62
13126.0,2,11,1846.18
13128.0,267,1,263.5
13129.0,88,2,233.25
13131.0,54,4,2240.47
13133.0,95,1,90.65
13134.0,38,2,681.65
13135.0,127,1,275.45
13136.0,1,14,3532.42
13137.0,22,8,3983.65
13138.0,8,3,492.1
13139.0,73,1,3138.04
13140.0,2,3,790.71
13141.0,21,15,5138.33
13143.0,218,2,399.2
13144.0,67,1,24.4
13145.0,8,4,805.0
13148.0,25,19,4674.99
13150.0,106,4,435.02
13151.0,261,3,1145.79
13152.0,53,9,2114.98
13154.0,35,4,1609.29
13155.0,4,3,778.42
13156.0,21,3,1586.54
13157.0,45,5,3946.14
13158.0,24,1,307.12
13161.0,136,1,359.38
13162.0,16,14,7471.95
13163.0,246,2,0.0
13164.0,205,3,297.46000000000004
13165.0,49,1,429.68
13166.0,50,1,458.73
13167.0,26,1,333.82
13168.0,178,1,541.14
13169.0,198,1,127.2
13172.0,36,1,69.6
13173.0,3,12,2193.26
13174.0,5,10,6621.6
13175.0,190,4,793.1
13177.0,66,1,229.75
13178.0,33,14,8272.42
13179.0,254,1,572.3100000000001
13180.0,243,1,86.10000000000001
13181.0,17,1,359.69
13183.0,30,9,3053.1
13187.0,260,4,86.64
13190.0,180,4,518.76
13191.0,294,1,164.69
13192.0,154,6,1632.59
13194.0,57,1,412.08
13195.0,50,1,136.73
13196.0,79,4,1261.86
13197.0,245,1,373.01000000000005
13198.0,21,4,1528.19
13199.0,2,31,6601.02
13201.0,138,4,1233.06
13202.0,14,8,1571.35
13203.0,22,7,1761.09
13204.0,367,1,966.6600000000001
13205.0,79,1,2803.2
13206.0,36,15,8211.0
13207.0,87,2,285.6
13208.0,85,3,758.65
13209.0,150,5,2617.9
13211.0,17,9,1500.9
13213.0,14,8,2316.19
13214.0,53,7,3264.23
13215.0,38,1,81.6
13217.0,291,1,132.5
13219.0,254,1,76.23
13220.0,211,1,516.8
13222.0,213,1,88.5
13223.0,59,4,805.9200000000001
13225.0,57,9,9796.23
13226.0,29,1,204.25
13230.0,1,17,3457.83
13231.0,182,1,-355.2
13233.0,56,2,571.34
13234.0,308,2,346.5
13237.0,23,1,643.0
13238.0,66,2,305.9
13239.0,73,5,1250.28
13240.0,1,6,958.86
13241.0,47,1,112.53
13242.0,87,4,429.0
13243.0,85,4,635.26
13245.0,68,1,558.72
13246.0,29,7,1345.68
13249.0,37,6,897.52
13250.0,88,3,245.59
13251.0,38,1,252.68
13252.0,30,3,341.3
13253.0,66,2,1920.71
13254.0,12,1,51.410000000000004
13255.0,9,2,504.95
13257.0,63,3,117.95
13258.0,15,2,336.59999999999997
13259.0,33,8,1119.36
13262.0,25,2,373.16
13263.0,29,4,1239.27
13264.0,78,1,722.5600000000001
13266.0,31,11,2247.63
13267.0,2,25,5107.77
13269.0,5,14,3545.47
13270.0,2,1,590.0
13274.0,45,1,360.85
13275.0,19,2,238.86
13276.0,33,5,1280.28
13277.0,16,3,264.9
13278.0,35,4,885.47
13280.0,15,5,1469.37
13281.0,73,3,306.45
13282.0,42,1,181.05
13283.0,203,2,279.7
13285.0,236,2,655.47
13286.0,236,1,734.91
13287.0,219,7,519.67
13288.0,79,6,892.16
13289.0,359,1,307.95
13290.0,66,3,-208.63
13291.0,50,10,2909.68
13292.0,46,4,408.85
13293.0,28,7,1180.34
13294.0,282,1,815.79
13295.0,8,8,860.07
13296.0,59,5,705.11
13297.0,21,4,2262.82
13299.0,49,4,1030.8
13300.0,24,3,901.9200000000001
13302.0,162,1,95.45
13303.0,36,1,61.72
13304.0,84,6,820.37
13305.0,8,7,1751.75
13306.0,66,1,53.65
13307.0,123,2,258.34
13308.0,232,1,284.86
13309.0,28,1,249.58
13310.0,16,2,409.17
13312.0,87,1,124.75
13313.0,115,10,1867.95
13315.0,325,1,310.26
13316.0,28,7,7085.49
13317.0,15,22,3928.4610000000002
13319.0,1,45,11041.75
13320.0,64,3,669.25
13324.0,64,11,3348.57
13326.0,68,1,281.76
13327.0,1,15,6123.46
13329.0,2,11,4236.62
13330.0,91,3,1655.17
13331.0,37,1,262.4
13333.0,47,3,1015.74
13334.0,172,3,2692.73
13335.0,176,1,-955.06
13337.0,154,2,1548.55
13338.0,169,7,1791.8
13340.0,53,5,11364.08
13342.0,218,1,-14.100000000000001
13346.0,98,6,299.4
13353.0,24,1,-28.849999999999998
13357.0,130,4,3196.11
13359.0,29,2,570.7
13360.0,64,7,1464.1
13361.0,108,2,1450.5
13362.0,14,5,2272.08
13363.0,45,1,731.36
13365.0,29,1,-26.9
13367.0,67,1,510.20000000000005
13368.0,50,3,462.7
13369.0,1,1,308.28000000000003
13370.0,2,2,721.32
13371.0,134,4,2271.46
13373.0,51,3,4274.94
13374.0,50,2,422.8
13375.0,80,1,1013.58
13377.0,32,4,1495.43
13378.0,58,1,-756.4
13380.0,68,1,62.4
13381.0,15,8,4558.21
13382.0,64,4,1164.59
13383.0,179,1,305.28000000000003
13384.0,26,6,2512.81
13386.0,50,2,835.46
13387.0,53,1,186.94
13388.0,239,1,508.55
13392.0,313,1,91.14
13393.0,219,6,1105.85
13394.0,15,14,4011.08
13395.0,36,2,872.51
13397.0,73,7,1554.93
13398.0,84,1,213.0
13399.0,100,3,275.4
13400.0,210,2,300.93
13401.0,260,1,-1834.14
13402.0,8,3,913.9000000000001
13403.0,23,2,154.5
13405.0,109,6,624.11
13406.0,63,3,557.22
13407.0,214,6,2111.89
13408.0,7,57,23365.442
13409.0,260,1,-525.65
13410.0,29,5,1183.6
13412.0,256,1,487.34999999999997
13413.0,275,8,345.8
13414.0,99,4,1091.74
13415.0,108,5,665.42
13416.0,372,1,228.3
13417.0,183,5,953.0600000000001
13418.0,8,16,6020.02
13421.0,42,8,2212.84
13423.0,64,1,217.03
13424.0,80,2,557.92
13425.0,144,5,1738.52
13426.0,18,12,4526.06
13427.0,113,3,423.93
13428.0,150,2,276.76
13431.0,42,7,2020.14
13432.0,207,2,439.1
13433.0,73,5,656.87
13434.0,21,3,1132.6200000000001
13435.0,12,2,637.44
13438.0,183,1,46.5
13439.0,24,2,702.9
13440.0,59,10,1213.95
13441.0,67,1,424.26
13442.0,303,3,419.87
13443.0,84,7,1240.71
13444.0,10,2,619.08
13445.0,262,1,241.89999999999998
13446.0,56,18,3608.86
13448.0,9,11,4935.78
13450.0,10,8,2073.82
13451.0,17,7,4180.55
13452.0,108,1,139.8
13453.0,29,3,402.01
13454.0,277,1,219.87
13455.0,2,8,1766.47
13457.0,324,4,143.27
13458.0,15,2,2312.7
13459.0,260,2,1160.4099999999999
13461.0,36,5,2693.5
13462.0,46,4,1002.35
13463.0,56,1,-158.65
13464.0,30,6,2409.21
13465.0,82,2,931.12
13466.0,32,5,654.3
13468.0,4,49,7419.86
13469.0,289,1,82.4
13472.0,99,2,592.24
13473.0,210,7,1993.44
13474.0,79,2,419.75
13476.0,42,3,823.0
13477.0,91,5,1364.59
13478.0,105,7,2068.03
13479.0,85,4,517.5
13480.0,52,2,627.82
13481.0,4,7,2022.03
13482.0,263,1,151.45
13484.0,19,3,453.52
13485.0,12,14,2503.68
13487.0,141,2,271.47
13488.0,3,13,6603.12
13490.0,290,1,154.25
13491.0,8,18,3350.7400000000002
13495.0,2,9,3256.49
13497.0,4,6,945.28
13498.0,366,1,327.38
13500.0,37,1,299.53
13501.0,122,3,1529.79
13502.0,46,3,482.6
13503.0,115,11,1530.54
13506.0,5,6,1156.83
13508.0,278,1,176.07999999999998
13509.0,143,1,135.0
13510.0,11,12,2703.23
13511.0,119,2,244.61
13512.0,23,3,462.18
13513.0,77,3,591.89
13514.0,64,3,663.7
13515.0,85,2,374.7
13516.0,53,1,295.85
13519.0,78,1,220.46
13520.0,7,8,3192.9
13523.0,2,2,1136.64
13526.0,374,4,942.5999999999999
13527.0,54,6,2288.98
13528.0,318,1,-40.0
13530.0,270,1,402.97999999999996
13531.0,2,5,1254.72
13534.0,10,17,1711.42
13535.0,38,1,89.5
13537.0,61,2,717.85
13538.0,32,5,1822.28
13539.0,56,5,925.42
13540.0,103,3,632.39
13541.0,59,3,717.9
13542.0,12,18,3924.09
13543.0,270,2,1439.6100000000001
13544.0,47,5,505.64
13545.0,26,3,337.64
13546.0,18,2,465.15
13547.0,44,1,167.08
13548.0,107,1,223.28
13549.0,23,1,87.6
13550.0,19,1,342.55
13551.0,302,1,152.39999999999998
13552.0,45,16,3049.1
13553.0,310,1,499.6
13554.0,16,10,1547.46
13555.0,14,12,4700.11
13556.0,65,2,200.82
13557.0,30,14,2396.02
13559.0,148,2,990.0
13561.0,33,10,1661.54
13562.0,37,5,3038.85
13564.0,4,50,14948.800000000001
13565.0,47,1,174.57999999999998
13566.0,70,3,831.76
13567.0,64,5,1074.19
13569.0,3,3,497.74
13571.0,18,14,2448.32
13573.0,15,4,614.27
13574.0,47,1,404.45
13576.0,9,13,4812.85
13577.0,18,9,1688.32
13578.0,45,1,147.66
13579.0,5,5,1068.8
13580.0,42,1,107.75
13581.0,50,1,162.53
13582.0,25,2,241.68
13583.0,315,1,664.001
13584.0,134,4,198.0
13585.0,166,4,674.46
13586.0,177,1,127.28
13587.0,85,3,961.1
13589.0,85,4,741.09
13590.0,11,14,4308.62
13591.0,71,5,964.0600000000001
13593.0,23,10,3479.73
13594.0,121,2,111.45000000000002
13595.0,152,3,784.48
13597.0,24,3,372.21
13598.0,131,4,601.92
13599.0,2,21,4759.74
13600.0,270,1,298.9
13601.0,28,2,466.67
13602.0,17,3,596.28
13604.0,288,2,713.39
13605.0,23,2,522.67
13607.0,28,2,382.6
13608.0,176,1,232.05
13609.0,229,1,167.35
13610.0,23,8,1006.08
13611.0,10,10,2118.63
13612.0,154,2,777.79
13613.0,88,5,1039.8500000000001
13614.0,29,2,747.28
13615.0,30,10,5812.24
13616.0,204,2,283.85
13617.0,44,6,719.62
13619.0,180,2,224.94
13620.0,164,1,112.34
13622.0,324,2,651.45
13623.0,16,8,1760.53
13624.0,17,2,427.18
13625.0,232,1,301.26
13626.0,10,2,432.26
13627.0,124,3,593.53
13628.0,312,1,310.14
13629.0,49,8,5578.5
13632.0,30,4,1517.68
13633.0,239,1,-306.66
13634.0,10,12,2932.4900000000002
13635.0,73,5,1877.19
13639.0,72,1,312.93
13640.0,247,1,405.0
13641.0,276,7,921.82
13642.0,68,4,147.17
13643.0,16,12,1592.73
13646.0,35,3,323.3
13647.0,130,4,1393.56
13648.0,36,11,1679.01
13649.0,2,5,1304.88
13650.0,10,9,1289.16
13651.0,17,2,114.75
13652.0,4,3,1475.77
13653.0,123,1,152.2
13654.0,16,5,3600.67
13655.0,10,6,1326.33
13656.0,94,5,673.7
13658.0,19,6,3350.6
13659.0,52,14,3165.78
13660.0,31,2,295.74
13661.0,239,1,325.24
13662.0,21,10,1304.05
13663.0,16,5,1824.14
13664.0,318,1,-13.14
13665.0,22,3,1711.6599999999999
13666.0,56,2,43.25
13668.0,18,18,6445.37
13669.0,43,1,195.0
13671.0,30,1,172.6
13672.0,366,1,233.53000000000003
13674.0,65,2,215.88
13676.0,175,3,153.15
13677.0,40,2,551.24
13679.0,129,3,281.26
13680.0,107,8,7700.55
13683.0,93,1,258.6
13684.0,26,4,482.29
13686.0,16,2,337.04
13687.0,74,1,11880.84
13688.0,271,1,375.5
13689.0,80,1,349.5
13691.0,32,1,212.78
13692.0,36,3,1549.58
13693.0,10,11,1980.32
13694.0,9,105,128172.42
13695.0,213,1,266.6
13696.0,57,4,2008.7
13698.0,232,2,451.73
13699.0,183,2,402.82
13700.0,53,4,321.09
13701.0,73,2,159.55
13702.0,81,1,135.18
13703.0,49,2,8.881784197001252e-16
13705.0,9,5,1323.47
13706.0,262,1,300.38
13707.0,65,3,2559.45
13709.0,82,5,1263.7
13710.0,59,2,329.04
13711.0,42,13,1380.55
13712.0,246,1,537.58
13713.0,44,3,740.76
13714.0,101,1,161.35
13715.0,8,14,7328.75
13717.0,88,4,315.79
13719.0,29,6,1741.4
13721.0,31,1,217.39999999999998
13722.0,56,7,3260.0
13723.0,28,5,994.23
13724.0,273,1,213.01
13727.0,247,7,727.9200000000001
13728.0,23,10,1839.03
13729.0,71,5,676.4300000000001
13733.0,46,3,484.53000000000003
13734.0,144,6,3445.34
13735.0,12,14,6657.88
13736.0,61,9,1979.3700000000001
13738.0,32,1,434.78000000000003
13739.0,163,1,75.3
13740.0,51,4,1232.02
13745.0,177,2,469.73
13746.0,49,1,176.69
13747.0,9,2,169.79999999999998
13748.0,9,5,1320.1
13749.0,337,1,-10.25
13750.0,10,8,1916.3400000000001
13752.0,163,1,404.45000000000005
13753.0,234,3,1353.31
13754.0,73,1,164.45000000000002
13756.0,3,11,3983.3300000000004
13757.0,310,1,195.55
13758.0,2,14,6072.59
13760.0,40,4,1071.85
13761.0,138,4,881.52
13762.0,229,4,2165.76
13763.0,24,3,3492.53
13764.0,205,3,1400.2
13765.0,289,1,352.821
13766.0,131,1,190.35
13767.0,5,48,18169.97
13768.0,199,8,758.07
13769.0,3,14,2994.76
13770.0,58,4,785.37
13771.0,169,5,3094.37
13772.0,31,6,1957.89
13773.0,32,2,301.54
13775.0,226,1,1049.66
13776.0,64,8,-340.17
13777.0,1,42,30268.22
13778.0,127,4,937.84
13779.0,151,1,161.13
13780.0,43,1,372.06
13781.0,228,3,643.04
13782.0,89,8,869.27
13783.0,123,4,1542.09
13784.0,70,4,434.39
13785.0,64,4,542.49
13786.0,3,8,2505.46
13787.0,92,7,864.66
13788.0,141,1,3.75
13789.0,24,1,239.45999999999998
13792.0,58,1,188.4
13793.0,282,1,96.0
13794.0,182,1,126.03
13795.0,24,4,836.3
13796.0,135,1,289.7
13797.0,72,4,1168.45
13798.0,8,63,37222.05
13799.0,73,11,1350.96
13800.0,66,2,1121.24
13802.0,10,18,21585.29
13803.0,67,3,1042.04
13804.0,71,2,572.73
13807.0,3,4,397.3
13809.0,30,2,524.65
13813.0,157,7,1333.01
13814.0,149,2,676.95
13815.0,32,5,3270.88
13818.0,65,1,61.28
13819.0,305,4,1490.75
13820.0,54,5,632.5
13821.0,28,5,969.74
13823.0,15,6,2400.89
13824.0,15,9,1574.42
13825.0,257,2,255.59
13829.0,57,1,102.0
13830.0,210,2,135.95000000000002
13831.0,5,15,4780.69
13832.0,58,1,557.6899999999999
13833.0,40,1,316.56
13834.0,212,3,247.89
13835.0,155,4,210.25
13836.0,35,3,602.52
13838.0,5,7,1245.91
13839.0,122,1,139.95000000000002
13840.0,52,1,651.4
13842.0,2,11,2219.34
13843.0,17,1,319.75
13846.0,35,1,442.73
13847.0,355,1,310.72
13848.0,2,6,2080.0
13849.0,33,4,1905.85
13851.0,15,6,1865.3000000000002
13852.0,242,2,170.45000000000002
13854.0,1,17,4133.19
13855.0,136,5,1253.94
13856.0,99,10,695.48
13857.0,29,7,997.11
13859.0,165,1,314.7
13861.0,65,3,251.31
13862.0,25,1,346.73
13863.0,84,4,918.07
13864.0,22,1,662.4000000000001
13869.0,17,6,4913.22
13870.0,16,8,2938.59
13871.0,60,7,1415.15
13872.0,149,6,891.32
13873.0,19,5,649.32
13874.0,140,9,1448.75
13875.0,23,9,3027.58
13877.0,100,4,329.09
13878.0,183,3,1145.33
13879.0,281,1,395.5
13880.0,3,5,1171.89
13881.0,11,29,27402.98
13883.0,16,17,3803.99
13884.0,12,8,1007.63
13888.0,40,5,1405.92
13889.0,18,7,1438.8300000000002
13890.0,10,8,997.87
13891.0,14,3,859.21
13892.0,113,2,634.68
13895.0,142,3,1335.5
13896.0,261,1,388.55
13897.0,74,2,849.56
13898.0,47,1,530.47
13900.0,16,4,867.14
13901.0,10,15,2732.14
13902.0,268,8,30411.26
13903.0,36,1,165.45000000000002
13905.0,207,3,244.45
13906.0,45,1,42.0
13907.0,327,1,136.8
13909.0,59,2,282.85
13910.0,79,1,-127.66
13911.0,15,13,1619.1299999999999
13912.0,59,1,124.95
13913.0,142,1,42.22
13915.0,30,2,31.200000000000003
13916.0,99,5,1260.51
13919.0,60,2,975.87
13920.0,67,5,1734.88
13921.0,35,5,720.75
13922.0,53,4,652.45
13927.0,49,2,340.97
13929.0,52,11,2515.25
13931.0,28,9,4019.85
13935.0,232,3,6116.92
13936.0,18,2,563.08
13937.0,32,2,708.53
13939.0,64,6,976.91
13941.0,7,12,5933.74
13942.0,170,1,320.0
13943.0,213,1,246.54
13944.0,289,1,200.43
13945.0,30,2,854.15
13946.0,12,4,1183.8600000000001
13948.0,47,4,434.86
13952.0,10,14,9544.8
13953.0,45,5,3125.0
13955.0,11,1,221.10999999999999
13957.0,53,3,458.25
13958.0,8,12,4504.78
13959.0,35,3,470.73
13961.0,21,2,498.7
13962.0,71,1,193.25
13963.0,3,15,2235.08
13964.0,23,3,421.9
13965.0,91,5,777.6600000000001
13966.0,71,1,384.26
13967.0,32,1,85.6
13968.0,59,1,123.66
13969.0,1,20,4181.03
13970.0,22,2,846.55
13971.0,53,7,1891.6100000000001
13974.0,213,3,249.93
13975.0,29,7,2786.66
13976.0,142,3,834.38
13977.0,47,1,519.8100000000001
13979.0,29,10,2420.66
13980.0,73,8,521.88
13981.0,36,2,327.39
13982.0,1,9,2494.98
13983.0,2,18,4377.75
13984.0,2,8,1128.09
13985.0,10,8,2957.78
13987.0,15,2,682.54
13988.0,19,2,609.84
13989.0,100,3,759.98
13992.0,16,2,142.7
13993.0,15,12,3280.7000000000003
13995.0,15,12,2452.77
13996.0,22,2,895.76
13997.0,155,3,376.46
13998.0,82,3,566.7
13999.0,10,21,5572.75
14000.0,50,6,1243.88
14001.0,9,7,2487.01
14003.0,368,1,209.41
14004.0,29,4,1675.81
14006.0,164,4,1234.48
14007.0,148,1,79.48
14008.0,11,2,493.74
14009.0,98,1,404.3
14010.0,201,3,288.09999999999997
14011.0,116,3,451.91999999999996
14013.0,16,3,533.2
14014.0,12,2,1443.03
14016.0,32,8,7051.25
14017.0,207,1,229.75
14018.0,281,1,367.15000000000003
14020.0,112,3,570.46
14021.0,10,4,1084.68
14022.0,122,1,352.15000000000003
14024.0,26,1,318.04
14025.0,100,10,3969.1
14026.0,106,2,713.11
14028.0,134,5,3175.5
14030.0,2,16,5722.76
14031.0,1,35,23311.74
14032.0,2,8,1856.23
14033.0,191,1,109.44
14035.0,42,6,1362.48
14037.0,114,5,608.75
14038.0,24,4,1446.45
14039.0,211,1,115.08000000000001
14040.0,22,27,8848.49
14042.0,361,1,431.98
14043.0,127,3,299.65
14044.0,54,7,2414.33
14045.0,9,16,8000.88
14047.0,1,14,2868.7200000000003
14048.0,18,2,338.76
14049.0,23,12,7312.25
14051.0,2,17,6587.56
14052.0,26,1,241.3
14053.0,33,2,312.05
14055.0,213,2,795.3199999999999
14057.0,17,5,2135.0
14058.0,98,2,469.19
14060.0,2,14,3367.76
14061.0,143,3,917.4300000000001
14062.0,10,15,14951.43
14063.0,66,13,-3767.1999999999994
14064.0,66,14,1798.6499999999999
14065.0,25,4,889.37
14068.0,232,4,1227.47
14069.0,150,2,225.81
14070.0,320,1,321.6
14072.0,302,1,390.85
14074.0,259,1,219.39999999999998
14075.0,39,3,792.61
14077.0,31,1,115.66
14078.0,9,4,640.34
14079.0,318,1,243.63
14080.0,49,5,1030.13
14081.0,5,13,4279.27
14082.0,28,1,231.10999999999999
14083.0,7,3,373.3
14084.0,148,1,150.5
14085.0,4,16,5607.43
14086.0,98,1,39.95
14087.0,40,3,608.0
14088.0,23,6,11984.53
14091.0,290,2,9530.08
14092.0,8,11,3146.64
14094.0,75,2,310.82
14095.0,358,1,2.95
14097.0,117,2,422.85999999999996
14099.0,11,10,2592.7400000000002
14101.0,24,8,3965.34
14103.0,301,1,0.0
14104.0,25,3,527.3199999999999
14105.0,30,7,4443.65
14106.0,373,1,214.79999999999998
14107.0,73,5,2165.2200000000003
14108.0,367,2,447.05
14110.0,71,22,7287.95
14112.0,87,15,2750.34
14113.0,11,23,4778.83
14114.0,31,5,977.5600000000001
14115.0,137,2,622.6700000000001
14118.0,64,1,458.45
14119.0,11,2,183.37
14120.0,66,1,-23.8
14122.0,30,5,309.77
14123.0,369,1,436.18
14126.0,80,1,466.33000000000004
14127.0,16,3,1190.3700000000001
14128.0,179,2,271.86
14129.0,35,4,1467.48
14130.0,11,3,1377.86
14131.0,284,1,168.22
14133.0,369,1,305.5
14134.0,18,15,11123.35
14135.0,3,12,4914.74
14136.0,36,7,1553.96
14137.0,317,2,294.1
14139.0,126,3,670.98
14142.0,9,4,655.94
14144.0,122,1,30.599999999999998
14145.0,95,3,3857.85
14146.0,19,7,5259.3
14147.0,24,9,1550.9
14148.0,50,1,309.09000000000003
14151.0,309,3,666.7
14152.0,23,6,1364.35
14153.0,119,1,233.4
14154.0,17,8,4917.98
14156.0,7,138,183163.55
14157.0,25,3,553.8000000000001
14159.0,15,11,2879.03
14160.0,246,7,8421.47
14161.0,5,5,2182.46
14163.0,98,1,148.71
14166.0,141,2,251.15
14167.0,100,4,711.7
14168.0,56,3,305.9
14169.0,66,2,621.51
14170.0,11,3,570.18
14171.0,366,1,135.0
14172.0,241,4,356.27
14173.0,277,3,116.11
14175.0,16,10,4242.38
14176.0,3,2,339.11
14177.0,17,9,1660.23
14180.0,8,12,1469.98
14181.0,46,2,308.35
14182.0,79,5,660.07
14183.0,47,2,278.34000000000003
14186.0,63,5,1550.63
14187.0,109,1,123.5
14189.0,4,2,1160.31
14190.0,302,1,79.9
14191.0,30,3,53.4
14192.0,24,1,293.74
14193.0,32,1,356.8
14194.0,28,22,7226.12
14195.0,71,7,1418.54
14197.0,46,1,390.05
14198.0,36,6,864.08
14199.0,36,5,731.0999999999999
14200.0,253,1,379.2
14201.0,45,3,446.1
14202.0,17,3,847.76
14203.0,33,1,339.34
14204.0,58,3,874.22
14205.0,1,9,1689.6
14206.0,16,3,836.9499999999999
14207.0,323,1,157.8
14208.0,187,1,415.31
14209.0,21,12,2870.2400000000002
14210.0,7,15,3913.4300000000003
14211.0,47,13,2093.39
14212.0,81,1,1119.6599999999999
14213.0,7,2,-1.4210854715202004e-14
14215.0,4,4,1626.61
14216.0,45,2,303.09
14217.0,1,11,1281.51
14219.0,45,2,543.89
14220.0,203,2,882.5999999999999
14221.0,85,9,3078.7400000000002
14224.0,26,5,831.98
14225.0,70,5,2009.17
14226.0,71,2,766.14
14227.0,50,7,3011.6
14228.0,73,3,745.5
14229.0,39,6,1018.39
14230.0,71,3,979.8000000000001
14231.0,86,1,309.91
14233.0,10,5,1319.45
14235.0,134,4,1573.1299999999999
14236.0,8,6,1241.88
14237.0,9,3,466.04
14238.0,298,2,287.38
14239.0,67,11,1880.22
14240.0,59,1,357.15
14241.0,332,1,120.0
14243.0,1,10,4829.4800000000005
14244.0,295,2,354.82
14247.0,40,5,613.84
14248.0,95,2,730.37
14249.0,46,12,5400.461
14252.0,17,1,350.99
14253.0,129,2,363.40000000000003
14254.0,68,1,601.03
14255.0,182,4,-1441.6
14256.0,127,6,1449.08
14257.0,16,4,2854.73
14258.0,24,22,18377.27
14260.0,107,3,824.28
14263.0,59,1,322.93
14264.0,8,6,1141.89
14265.0,100,2,843.17
14266.0,64,1,40.56
14267.0,337,2,-19.9
14268.0,106,1,354.85
14269.0,71,2,261.68
14271.0,45,1,101.86
14272.0,198,2,482.85
14274.0,322,1,256.6
14275.0,31,6,1189.3799999999999
14276.0,36,8,909.93
14277.0,47,10,367.4699999999999
14278.0,45,1,205.83
14279.0,156,2,191.86
14281.0,44,1,245.15
14282.0,3,12,4115.32
14283.0,99,4,628.4399999999999
14284.0,289,1,704.4
14285.0,149,5,1248.63
14286.0,35,7,3800.89
14290.0,49,8,1901.48
14291.0,16,13,3971.1
14292.0,38,13,4068.57
14293.0,4,7,2127.77
14294.0,43,1,375.34
14295.0,74,6,2161.36
14296.0,49,3,448.45
14298.0,11,39,39626.87
14299.0,1,25,9972.42
14301.0,45,5,1324.19
14302.0,66,3,742.9000000000001
14303.0,43,2,277.94
14304.0,15,3,1326.71
14306.0,14,4,1058.0800000000002
14307.0,9,6,2067.36
14308.0,185,5,-849.45
14309.0,49,2,1428.28
14310.0,68,1,492.1
14311.0,203,1,206.19
14312.0,14,5,1478.7
14313.0,260,1,-302.31
14314.0,49,2,101.9
14315.0,169,3,711.74
14316.0,58,6,1355.34
14318.0,96,1,158.02
14319.0,60,2,476.95000000000005
14320.0,182,4,861.01
14321.0,64,3,667.83
14322.0,63,6,384.3
14324.0,45,2,701.61
14325.0,205,1,245.48000000000002
14326.0,99,2,757.13
14327.0,18,5,1583.28
14328.0,66,3,-445.06
14329.0,11,14,4806.78
14330.0,259,1,200.63
14332.0,17,2,1077.2
14334.0,61,5,1753.52
14337.0,367,1,-658.63
14338.0,172,1,339.88
14339.0,64,1,310.75
14341.0,56,11,2277.09
14342.0,68,3,235.03
14343.0,57,4,1079.66
14344.0,3,14,2443.77
14346.0,61,3,1294.17
14347.0,372,1,82.6
14350.0,16,2,689.1
14353.0,46,2,285.9
14355.0,1,3,840.0500000000001
14358.0,25,3,384.29999999999995
14361.0,214,1,214.70999999999998
14363.0,38,2,227.47000000000003
14365.0,30,2,634.68
14366.0,161,1,136.0
14369.0,278,2,469.13
14370.0,86,9,1092.13
14372.0,79,3,830.1800000000001
14374.0,177,1,108.0
14375.0,86,2,871.26
14376.0,319,1,215.46
14378.0,257,1,131.25
14379.0,29,2,917.06
14380.0,239,2,-99.72999999999999
14381.0,87,1,423.26
14382.0,26,2,572.19
14384.0,136,1,58.5
14388.0,2,12,3417.26
14389.0,60,6,821.35
14390.0,8,7,1715.01
14391.0,212,1,135.6
14392.0,68,1,266.4
14394.0,200,1,93.8
14395.0,8,13,4619.3
14396.0,7,6,1591.74
14398.0,37,2,707.79
14399.0,30,9,2093.21
14400.0,36,3,1143.3
14401.0,60,11,2663.42
14402.0,288,1,285.6
14403.0,219,4,396.45
14404.0,5,9,1344.64
14405.0,22,1,195.0
14408.0,107,4,1503.2400000000002
14409.0,4,6,1545.44
14410.0,12,2,1531.63
14412.0,60,1,656.16
14413.0,46,3,643.47
14414.0,10,1,902.35
14415.0,15,14,6036.77
14417.0,23,1,524.65
14419.0,18,1,202.85
14420.0,32,5,1241.85
14421.0,148,5,1643.51
14422.0,10,15,5937.28
14423.0,60,3,649.76
14425.0,63,5,635.89
14426.0,29,11,7185.07
14427.0,130,2,900.1800000000001
14429.0,39,1,516.28
14430.0,147,5,956.4000000000001
14431.0,15,3,2143.84
14433.0,101,1,280.7
14435.0,137,1,90.42
14436.0,189,1,182.64000000000001
14437.0,1,6,850.84
14439.0,79,4,6781.8
14440.0,1,11,4169.15
14441.0,1,10,2816.45
14442.0,50,7,3727.4
14443.0,4,4,950.7
14444.0,92,1,120.44
14445.0,91,1,221.65
14446.0,22,1,189.93
14447.0,36,1,548.5
14449.0,8,5,1555.4
14450.0,15,4,645.19
14451.0,25,16,2571.6
14452.0,31,2,399.9
14454.0,12,6,970.7
14455.0,68,5,584.37
14458.0,16,1,228.07
14459.0,169,2,3501.221
14460.0,32,8,536.26
14461.0,18,11,4557.95
14462.0,68,1,262.24
14463.0,135,1,256.95
14464.0,204,2,111.0
14465.0,64,8,2887.4100000000003
14466.0,8,7,2374.5
14467.0,25,8,1606.98
14468.0,369,1,204.24
14469.0,52,4,2093.46
14470.0,66,1,250.85
14471.0,227,2,400.95
14472.0,325,1,266.05
14474.0,215,1,711.23
14475.0,44,1,225.3
14477.0,72,5,652.8
14478.0,18,4,1276.66
14479.0,1,3,982.86
14480.0,38,4,1016.22
14481.0,43,4,1272.01
14482.0,15,8,2118.25
14483.0,372,1,120.0
14484.0,37,3,749.0600000000001
14486.0,147,2,175.5
14487.0,4,3,213.14000000000001
14489.0,73,3,1111.55
14490.0,42,2,1273.47
14491.0,8,1,127.2
14492.0,66,10,1574.3600000000001
14493.0,26,7,2630.92
14494.0,37,2,261.9
14495.0,283,2,42.5
14496.0,9,9,2107.07
14497.0,309,1,221.69
14498.0,37,5,1943.51
14499.0,10,7,1275.0
14505.0,40,16,5823.55
14506.0,5,3,1256.6000000000001
14507.0,10,7,1751.92
14508.0,12,4,536.02
14509.0,170,1,110.95
14510.0,11,4,964.55
14512.0,19,5,940.69
14513.0,72,3,332.42
14514.0,72,7,3385.59
14515.0,23,9,1616.81
14516.0,152,1,151.17
14519.0,319,2,203.14
14521.0,113,2,167.65
14522.0,231,4,773.8800000000001
14524.0,45,4,1066.03
14525.0,64,8,3810.64
14526.0,25,1,258.65
14527.0,1,108,18036.76
14530.0,32,13,3106.51
14531.0,115,1,376.34
14532.0,47,8,2900.18
14533.0,43,6,1372.5
14534.0,33,13,1677.37
14535.0,31,7,2983.39
14537.0,242,2,279.89
14538.0,166,3,982.59
14540.0,15,9,2747.08
14541.0,52,6,1038.03
14543.0,16,29,8989.54
14544.0,106,1,934.23
14545.0,310,1,349.25
14546.0,12,11,2505.11
14548.0,120,7,1888.49
14549.0,56,3,624.36
14550.0,24,2,587.69
14551.0,45,7,670.41
14552.0,16,2,343.71
14553.0,47,5,933.83
14555.0,17,5,1982.3400000000001
14556.0,232,3,815.69
14558.0,289,5,614.1
14559.0,26,1,75.6
14560.0,15,22,3876.2599999999998
14562.0,26,8,1631.38
14563.0,145,2,640.54
14564.0,63,5,2519.32
14565.0,109,1,760.1
14566.0,53,3,2660.0
14568.0,60,2,909.5
14569.0,88,3,369.94
14570.0,79,1,395.69
14571.0,61,1,160.0
14572.0,53,5,2709.59
14573.0,8,5,925.3
14574.0,368,1,143.70000000000002
14575.0,124,1,420.22
14576.0,8,1,35.400000000000006
14577.0,30,3,504.44
14579.0,68,1,105.56
14580.0,154,1,14.850000000000001
14581.0,180,1,271.05
14583.0,19,3,673.33
14584.0,57,4,705.1
14585.0,18,4,986.22
14588.0,214,1,135.39
14589.0,7,1,39.75
14590.0,60,28,2871.04
14593.0,33,15,2951.54
14594.0,9,1,255.0
14595.0,89,2,423.85
14596.0,262,1,222.22000000000003
14597.0,15,4,1318.3899999999999
14598.0,205,2,1.7763568394002505e-15
14599.0,26,2,457.89
14600.0,29,1,471.84000000000003
14602.0,292,1,205.35999999999999
14604.0,269,1,143.85999999999999
14605.0,10,4,921.5600000000001
14606.0,2,135,18158.22
14607.0,103,10,7389.96
14608.0,15,8,1488.29
14609.0,24,7,764.64
14610.0,31,2,24.35
14611.0,75,3,599.38
14612.0,51,1,877.7
14613.0,316,1,76.32000000000001
14614.0,22,1,295.13
14615.0,30,6,934.26
14616.0,21,2,121.7
14617.0,38,2,190.47000000000003
14618.0,2,6,757.08
14619.0,177,1,896.8000000000001
14621.0,142,10,1112.51
14623.0,16,6,1121.43
14624.0,51,4,588.22
14625.0,8,14,3543.05
14626.0,31,8,2617.7
14627.0,15,2,428.25
14628.0,78,3,1326.04
14630.0,120,1,338.65
14631.0,22,4,1016.19
14634.0,73,7,1971.82
14635.0,89,1,215.22
14637.0,313,1,106.67999999999999
14639.0,44,3,1994.47
14640.0,45,8,1421.88
14643.0,253,3,986.08
14644.0,50,8,1297.01
14645.0,261,2,243.15
14646.0,10,87,243853.05
14647.0,159,1,270.0
14648.0,39,19,4378.0
14649.0,17,7,2227.45
14650.0,224,1,62.5
14651.0,30,7,1371.77
14653.0,149,5,1666.41
14654.0,374,1,246.86
14655.0,15,7,1899.08
14656.0,51,3,498.95
14657.0,65,2,601.97
14662.0,63,3,635.06
14663.0,66,2,490.6
14665.0,63,2,913.95
14667.0,1,36,12221.46
14668.0,81,1,111.63
14669.0,269,4,1957.54
14670.0,368,1,190.47
14671.0,185,2,1127.45
14672.0,151,2,347.59
14673.0,3,3,1674.41
14674.0,145,1,173.66
14675.0,24,1,419.22
14676.0,21,8,5742.25
14677.0,228,1,184.91
14678.0,207,2,386.44
14679.0,7,5,1272.95
14680.0,7,65,27828.56
14681.0,23,3,376.20000000000005
14682.0,64,4,1462.81
14683.0,224,1,146.56
14684.0,26,1,228.52
14685.0,212,13,4241.16
14686.0,50,6,844.58
14687.0,36,2,773.6800000000001
14688.0,9,8,2056.3
14690.0,28,2,422.63
14692.0,16,8,1123.59
14693.0,61,7,966.96
14694.0,253,1,244.31
14695.0,155,4,1466.72
14696.0,1,3,687.7
14699.0,71,3,593.47
14700.0,51,2,880.96
14701.0,78,6,1961.02
14702.0,1,15,3410.44
14704.0,60,2,258.96
14706.0,254,1,367.54
14707.0,71,2,139.2
14708.0,4,3,1085.91
14709.0,15,13,3955.34
14710.0,15,9,1300.31
14712.0,54,1,411.0
14713.0,1,14,2708.21
14714.0,36,6,736.21
14715.0,78,4,958.0699999999999
14716.0,80,1,235.77
14717.0,369,2,72.8
14718.0,46,1,226.42
14721.0,15,1,109.07
14722.0,113,2,309.1
14723.0,7,7,927.89
14724.0,226,1,341.9
14725.0,30,4,546.76
14726.0,290,1,116.5
14727.0,182,3,22.55
14728.0,49,1,190.58
14729.0,9,3,586.24
14732.0,28,14,2761.1800000000003
14733.0,3,4,6579.26
14734.0,52,5,1045.47
14735.0,24,25,6102.02
14736.0,121,2,374.05
14737.0,36,1,2389.62
14738.0,163,3,473.7
14739.0,3,21,8370.47
14740.0,45,9,2645.65
14741.0,8,2,497.25
14742.0,71,1,579.85
14743.0,228,1,50.48
14744.0,2,9,2732.49
14745.0,137,11,1303.9
14746.0,42,4,593.5
14748.0,4,12,1360.46
14749.0,115,1,310.15
14750.0,372,1,112.03
14751.0,320,2,126.45
14753.0,96,1,306.36
14754.0,53,5,905.68
14755.0,17,18,4886.07
14756.0,10,3,1874.5
14758.0,32,3,1380.9099999999999
14761.0,80,1,192.02
14762.0,262,1,117.05000000000001
14763.0,368,1,-9.95
14766.0,1,9,4008.91
14767.0,110,1,382.81
14769.0,26,11,5055.07
14770.0,103,7,2748.4700000000003
14771.0,241,3,579.92
14773.0,224,2,125.7
14774.0,164,1,241.45
14775.0,8,1,406.56
14776.0,22,6,1143.44
14777.0,36,2,256.71
14781.0,56,1,-530.31
14783.0,291,2,305.35
14784.0,25,1,159.94
14786.0,186,1,90.96
14787.0,107,1,110.65
14788.0,232,1,476.88
14790.0,10,6,1781.56
14791.0,242,1,303.63
14793.0,171,1,396.91
14794.0,29,4,617.04
14796.0,2,14,2849.51
14797.0,143,1,300.31
14798.0,17,6,541.37
14799.0,373,1,180.45
14800.0,5,8,3160.05
14802.0,66,6,-1502.98
14805.0,40,3,536.15
14806.0,75,1,110.03999999999999
14807.0,26,2,504.14
14809.0,257,2,686.76
14810.0,5,3,446.59
14811.0,23,1,170.5
14812.0,234,1,178.85
14813.0,5,4,888.91
14814.0,217,1,154.21
14817.0,16,7,2778.87
14818.0,94,3,495.76
14819.0,130,2,184.34
14820.0,16,5,767.47
14821.0,2,7,1230.15
14822.0,121,1,157.70000000000002
14824.0,15,8,2824.8
14825.0,4,16,2659.37
14826.0,217,2,385.2
14827.0,301,1,0.0
14828.0,24,11,7663.7
14829.0,8,4,995.29
14831.0,210,7,1623.97
14832.0,266,3,-274.63
14833.0,134,1,94.8
14834.0,43,1,485.86
14835.0,163,3,293.09999999999997
14837.0,73,7,1804.6200000000001
14838.0,59,2,769.9200000000001
14839.0,54,3,915.28
14840.0,163,2,277.36
14841.0,10,8,3867.2400000000002
14843.0,72,1,211.79999999999998
14844.0,66,8,3498.62
14845.0,235,1,150.0
14846.0,59,2,406.79999999999995
14847.0,36,3,1011.2
14848.0,40,1,310.56
14849.0,9,25,7638.16
14850.0,3,8,1274.01
14851.0,266,1,318.06
14852.0,60,15,3272.19
14853.0,50,4,888.3199999999999
14854.0,26,6,1552.28
14855.0,110,5,5874.65
14857.0,78,7,2413.281
14858.0,141,1,180.75
14859.0,190,1,351.9
14861.0,16,13,1192.61
14864.0,367,1,-48.75
14865.0,8,3,77.52000000000001
14866.0,2,8,6460.32
14867.0,4,16,2200.13
14868.0,16,4,1230.42
14869.0,16,6,2033.0
14870.0,36,8,1467.3500000000001
14871.0,129,5,726.89
14872.0,116,4,802.6800000000001
14873.0,269,1,334.45
14874.0,171,1,116.18
14875.0,71,2,1392.83
14876.0,157,2,256.7
14877.0,54,2,425.85
14878.0,12,19,2307.39
14879.0,320,1,185.06
14882.0,26,13,2755.35
14884.0,305,1,120.6
14885.0,63,3,730.8
14890.0,254,2,691.6
14891.0,52,2,552.35
14892.0,326,1,202.35000000000002
14893.0,203,4,544.41
14894.0,79,4,756.46
14895.0,19,24,13468.56
14896.0,1,9,1515.75
14897.0,38,5,1734.3600000000001
14898.0,1,12,2119.39
14899.0,31,1,1331.38
14900.0,158,1,13.919999999999998
14901.0,2,6,853.81
14902.0,31,3,686.16
14904.0,44,2,605.05
14905.0,10,7,1339.79
14906.0,81,3,-66.98
14907.0,3,14,2615.84
14908.0,99,1,104.10000000000001
14909.0,64,5,1380.98
14911.0,1,270,137710.76
14912.0,19,8,-92.94000000000011
14913.0,24,4,2845.7
14914.0,241,1,-5.85
14915.0,11,10,1493.8200000000002
14916.0,67,6,1623.3700000000001
14917.0,232,2,1123.75
14918.0,40,7,4345.66
14919.0,175,1,359.35
14920.0,201,1,629.4
14922.0,29,2,843.74
14924.0,246,2,620.96
14925.0,367,1,-7.95
14926.0,17,3,337.65
14927.0,32,1,308.2
14928.0,255,2,204.46
14929.0,57,1,612.8100000000001
14930.0,57,6,2763.78
14932.0,1,2,666.13
14933.0,79,5,885.0
14934.0,14,6,555.26
14935.0,255,1,1065.12
14936.0,26,5,4261.04
14938.0,138,4,2289.43
14939.0,266,1,-934.66
14940.0,53,2,531.49
14941.0,214,1,182.1
14942.0,37,5,706.56
14943.0,299,1,107.62
14944.0,25,10,3831.97
14945.0,49,1,179.4
14947.0,24,4,758.97
14949.0,95,6,498.55
14952.0,2,29,9331.46
14953.0,54,4,677.25
14954.0,339,1,167.27
14955.0,368,1,163.77
14956.0,57,1,1325.0
14957.0,280,1,203.2
14958.0,231,3,458.26
14961.0,15,16,9322.32
14962.0,175,3,240.21000000000004
14963.0,15,8,1645.3799999999999
14966.0,23,5,881.24
14967.0,77,6,1216.72
14968.0,94,1,353.65
14969.0,339,1,906.23
14970.0,45,12,2001.34
14972.0,17,1,30.300000000000004
14975.0,57,1,192.45
14977.0,361,1,31.929999999999996
14978.0,66,7,1155.02
14979.0,371,1,429.66
14980.0,373,1,150.68
14981.0,29,2,211.39999999999998
14982.0,208,1,237.78
14983.0,325,1,183.20000000000002
14984.0,24,4,1058.1399999999999
14986.0,12,2,563.1
14987.0,1,8,1305.85
14988.0,16,6,1704.11
14989.0,297,1,342.4
14990.0,248,2,304.17
14991.0,66,1,314.67
14992.0,78,1,210.5
14993.0,199,1,36.13
14994.0,18,8,872.42
14996.0,117,2,442.28999999999996
14997.0,291,1,230.4
14998.0,64,2,338.31
14999.0,228,1,129.48000000000002
15001.0,30,2,199.10999999999999
15002.0,3,6,3127.9700000000003
15003.0,109,7,1022.03
15005.0,2,42,7474.86
15006.0,89,1,277.4
15008.0,116,2,360.0
15011.0,31,2,416.6
15012.0,9,2,429.78
15013.0,123,10,1610.82
15015.0,137,20,2265.77
15016.0,29,5,442.85
15018.0,3,1,111.25
15020.0,15,1,198.47
15021.0,2,7,775.21
15022.0,313,1,281.05
15023.0,5,12,5248.75
15024.0,3,8,2414.18
15025.0,204,1,617.83
15026.0,11,2,579.89
15027.0,16,7,1922.09
15028.0,4,3,521.78
15029.0,254,2,362.15
15030.0,16,7,1446.38
15031.0,30,12,2150.54
15032.0,2,7,8821.55
15034.0,22,6,3957.04
15037.0,12,2,397.76
15038.0,5,4,579.67
15039.0,4,56,19799.86
15040.0,177,1,7.49
15041.0,80,1,109.47
15042.0,231,1,179.52
15043.0,99,5,2333.3199999999997
15044.0,15,25,8097.47
15046.0,59,12,2454.12
15048.0,4,1,98.7
15050.0,57,2,2349.5
15051.0,15,7,2528.55
15055.0,110,3,549.12
15056.0,156,1,113.64999999999999
15057.0,79,4,1695.06
15058.0,12,6,1252.19
15059.0,12,16,2069.43
15061.0,3,90,82162.74
15062.0,59,4,1597.76
15064.0,46,4,1254.41
15065.0,46,1,168.73
15067.0,49,3,2105.37
15068.0,54,2,621.54
15070.0,8,3,737.0500000000001
15071.0,22,2,473.49
15072.0,115,1,187.51999999999998
15073.0,36,5,1744.61
15074.0,65,2,817.46
15076.0,128,4,544.99
15077.0,92,4,2423.88
15078.0,4,28,7953.17
15079.0,1,13,2793.09
15080.0,63,2,546.25
15081.0,3,8,1460.92
15082.0,304,1,93.35000000000001
15084.0,15,2,965.2
15085.0,365,1,347.54
15086.0,200,2,218.53
15091.0,107,4,546.15
15092.0,84,2,315.35
15093.0,8,26,9247.74
15094.0,99,2,83.0
15095.0,56,6,1771.04
15097.0,219,4,338.97
15100.0,2,11,1684.3999999999999
15101.0,71,8,993.46
15102.0,166,2,554.67
15105.0,66,2,795.98
15107.0,8,5,608.6
15109.0,215,2,498.15000000000003
15110.0,39,2,509.75
15111.0,8,3,1163.39
15112.0,247,1,209.4
15114.0,19,2,639.56
15115.0,353,2,187.99
15117.0,84,3,934.19
15122.0,58,10,2839.09
15123.0,57,3,2456.86
15124.0,112,2,266.63
15125.0,115,13,5007.28
15126.0,172,2,449.49
15127.0,155,1,304.97
15128.0,66,1,312.68
15129.0,21,12,3412.78
15131.0,30,1,80.28
15133.0,18,2,824.48
15134.0,17,2,208.3
15135.0,192,1,166.63
15137.0,156,5,747.55
15138.0,21,2,486.59000000000003
15140.0,78,1,889.44
15141.0,93,9,1378.31
15142.0,46,6,2110.23
15143.0,68,1,304.18
15144.0,15,15,5476.47
15149.0,212,4,1033.81
15150.0,92,3,3686.61
15151.0,59,2,2085.61
15152.0,331,2,513.73
15154.0,114,2,1089.44
15155.0,19,1,383.96999999999997
15157.0,205,2,718.04
15158.0,36,2,36.25999999999999
15159.0,31,4,3475.7200000000003
15160.0,10,3,431.11
15161.0,24,1,119.92
15162.0,364,2,241.5
15164.0,16,7,1186.63
15165.0,9,1,487.75
15166.0,103,1,167.16
15167.0,43,4,1468.82
15169.0,18,2,569.22
15170.0,42,1,81.15
15173.0,16,8,1399.26
15174.0,46,1,345.71
15176.0,232,2,985.09
15177.0,61,1,948.93
15179.0,28,10,5240.62
15180.0,3,3,816.9300000000001
15181.0,1,4,268.16999999999996
15182.0,16,12,2319.902
15183.0,183,4,637.03
15184.0,23,2,283.19
15186.0,110,3,991.7900000000001
15188.0,361,1,310.43
15189.0,17,5,1298.99
15190.0,70,1,834.4399999999999
15191.0,99,3,588.05
15192.0,1,3,937.07
15194.0,4,18,4666.51
15196.0,68,2,313.7
15197.0,24,5,771.4
15198.0,43,4,365.81
15199.0,10,6,1853.7
15200.0,130,1,549.05
15201.0,72,3,598.0600000000001
15202.0,56,8,-2570.1800000000003
15203.0,26,9,2572.38
15207.0,45,5,653.77
15208.0,59,1,100.4
15209.0,366,1,178.98000000000002
15210.0,14,2,845.01
15211.0,1,1,383.07
15212.0,12,1,106.47999999999999
15215.0,29,5,880.47
15216.0,254,1,389.49
15217.0,199,1,426.24
15218.0,25,14,5651.37
15219.0,284,1,379.7
15221.0,2,7,1702.0
15222.0,108,16,2830.66
15223.0,245,3,662.2
15224.0,148,5,526.78
15227.0,32,4,1269.0900000000001
15228.0,64,2,2193.56
15229.0,222,1,160.5
15231.0,232,2,228.35999999999999
15233.0,37,1,59.400000000000006
15235.0,5,6,690.3000000000001
15240.0,7,14,2629.43
15241.0,66,3,1293.72
15242.0,58,1,302.04
15243.0,71,1,610.6
15244.0,296,2,218.61
15245.0,38,5,2095.0
15246.0,191,1,266.25
15247.0,100,3,611.11
15248.0,47,4,1865.03
15249.0,66,6,2489.79
15250.0,276,1,60.0
15251.0,50,16,9768.49
15252.0,53,5,1312.28
15253.0,35,6,1117.99
15254.0,182,3,773.04
15255.0,32,10,2756.52
15256.0,197,1,71.95
15257.0,50,1,368.75
15259.0,148,4,1182.3799999999999
15260.0,8,24,7317.61
15261.0,17,3,1253.18
15262.0,16,2,239.87
15264.0,115,2,450.46000000000004
15265.0,240,2,1839.52
15266.0,15,5,722.4
15268.0,114,4,941.2500000000001
15269.0,16,2,816.56
15270.0,24,22,4942.99
15271.0,1,11,2097.95
15272.0,86,4,1309.01
15273.0,235,1,228.96
15276.0,30,4,472.67
15277.0,61,1,220.44
15278.0,197,4,496.15999999999997
15279.0,1,6,1264.33
15280.0,124,2,284.4
15281.0,14,10,6077.67
15282.0,206,1,348.59
15283.0,26,4,135.43
15284.0,136,1,24.75
15285.0,43,1,94.92
15287.0,15,3,369.34000000000003
15288.0,1,6,1574.51
15289.0,57,3,635.61
15290.0,29,9,2551.81
15291.0,9,34,8854.73
15293.0,301,1,247.5
15294.0,36,2,222.3
15295.0,290,1,207.04
15296.0,49,10,6593.82
15298.0,2,16,4581.93
15299.0,8,7,3456.5299999999997
15301.0,4,6,2533.09
15302.0,358,2,291.05
15303.0,201,3,604.76
15304.0,4,2,225.15
15305.0,191,1,93.6
15306.0,136,7,2306.63
15309.0,246,10,715.53
15310.0,114,1,1634.64
15311.0,1,158,54033.21
15312.0,19,9,1995.39
15314.0,32,3,472.67999999999995
15317.0,313,2,112.05000000000001
15321.0,53,14,3909.92
15322.0,112,1,711.18
15323.0,169,4,320.9
15324.0,337,1,140.22000000000003
15325.0,31,8,1434.52
15326.0,232,9,1218.1100000000001
15328.0,43,1,107.24
15329.0,1,16,1711.98
15331.0,135,4,755.41
15332.0,2,6,4892.68
15336.0,37,1,240.5
15337.0,38,2,344.72
15338.0,313,1,277.93
15339.0,57,8,1069.7
15340.0,197,1,105.5
15341.0,85,2,380.5
15346.0,53,3,339.23
15347.0,2,6,1132.3
15350.0,9,2,547.6
15351.0,5,7,1745.09
15352.0,184,1,111.15
15353.0,3,7,2314.1
15354.0,234,7,-94.8
15356.0,4,4,664.66
15357.0,318,1,-36.75
15358.0,1,28,8602.55
15359.0,190,9,162.6
15361.0,162,3,270.15000000000003
15362.0,84,2,613.08
15363.0,8,2,678.11
15365.0,39,6,2242.81
15366.0,45,5,1786.57
15367.0,54,8,3138.04
15368.0,30,1,275.8
15369.0,10,12,3305.88
15370.0,46,1,1352.96
15371.0,298,1,59.400000000000006
15372.0,86,9,3947.02
15373.0,7,6,1002.9300000000001
15374.0,260,1,139.32
15375.0,326,1,60.959999999999994
15377.0,18,5,1179.95
15378.0,98,2,246.5
15379.0,36,1,1174.55
15380.0,1,8,1739.8400000000001
15381.0,59,4,1290.77
15382.0,10,12,7718.64
15383.0,318,1,-10.5
15384.0,8,3,1378.73
15385.0,28,2,625.2
15387.0,128,1,468.65
15389.0,36,4,2233.8
15390.0,32,2,1216.66
15391.0,206,2,282.92
15392.0,10,3,1376.0900000000001
15393.0,203,3,659.48
15394.0,31,9,3067.86
15396.0,219,1,508.20000000000005
15400.0,56,3,586.1
15401.0,88,2,216.95000000000002
15402.0,23,5,1189.87
15403.0,127,2,170.88
15404.0,11,1,257.06
15405.0,212,1,310.74
15406.0,89,2,465.15999999999997
15409.0,337,2,117.2
15410.0,204,2,1234.88
15413.0,66,7,-2531.3799999999997
15416.0,114,4,580.28
15418.0,61,2,449.42
15420.0,70,6,743.0
15421.0,21,6,2854.98
15422.0,15,6,1517.32
15423.0,217,3,175.64
15424.0,99,1,214.44
15425.0,36,4,1941.1200000000001
15426.0,4,6,1129.9
15428.0,23,3,668.97
15430.0,103,3,903.75
15431.0,138,1,153.24
15432.0,163,3,130.07
15434.0,10,7,1519.63
15437.0,276,1,193.29000000000002
15439.0,40,4,1269.05
15441.0,32,3,1254.21
15443.0,110,8,1865.6
15445.0,226,1,171.0
15446.0,12,5,391.65
15447.0,163,5,329.76
15448.0,310,1,294.17
15451.0,70,2,226.86
15452.0,26,3,1256.63
15454.0,254,1,126.89
15455.0,233,1,38.25
15456.0,39,7,1656.93
15458.0,38,1,208.79999999999998
15459.0,53,2,202.82999999999998
15461.0,96,3,391.29999999999995
15462.0,81,1,502.45
15465.0,5,16,5261.63
15466.0,25,3,1225.93
15468.0,21,2,949.02
15469.0,63,2,329.90000000000003
15470.0,211,1,63.419999999999995
15471.0,16,2,837.53
15473.0,80,1,274.8
15474.0,231,1,150.35
15476.0,16,5,2180.28
15477.0,285,1,368.4
15478.0,211,1,583.56
15479.0,369,1,147.4
15480.0,101,6,2686.75
15481.0,37,1,1993.34
15482.0,22,8,1539.1099999999997
15483.0,21,6,592.56
15484.0,176,2,1061.69
15485.0,9,6,3039.01
15486.0,163,1,102.0
15487.0,315,1,231.32
15488.0,92,4,340.6
15489.0,36,8,1237.3300000000002
15490.0,66,2,181.35
15493.0,25,4,2168.27
15494.0,114,4,2412.92
15495.0,15,1,246.5
15496.0,267,1,146.14000000000001
15497.0,10,8,7383.76
15498.0,2,23,11374.35
15499.0,359,1,158.65
15501.0,40,2,399.95
15502.0,4,10,3071.87
15503.0,362,1,116.26
15504.0,156,4,339.92
15506.0,17,3,1058.25
15509.0,16,1,152.41
15512.0,26,2,210.58
15513.0,1,21,12744.37
15514.0,15,7,2368.34
15515.0,23,1,171.81
15518.0,15,10,2183.84
15519.0,19,2,344.61
15521.0,36,11,4091.34
15523.0,24,17,16707.23
15524.0,242,1,151.4
15525.0,9,2,430.78
15527.0,30,21,2673.46
15529.0,2,2,1116.72
15530.0,148,1,311.37
15532.0,12,6,2174.12
15534.0,361,1,162.25
15535.0,1,4,515.97
15536.0,45,1,259.09
15538.0,173,11,3036.1
15540.0,11,1,247.38
15542.0,148,4,833.16
15543.0,95,1,114.4
15544.0,8,16,4591.61
15545.0,7,1,135.32999999999998
15546.0,242,3,539.5500000000001
15547.0,12,14,5132.95
15548.0,231,1,158.09
15549.0,57,5,652.7
15550.0,14,10,1412.22
15551.0,30,8,1192.95
15552.0,259,1,162.4
15555.0,1,28,6946.53
15558.0,275,2,131.88
15559.0,204,1,1109.4
15560.0,33,2,153.52
15561.0,19,4,1133.8
15562.0,60,2,536.88
15563.0,141,4,1453.98
15564.0,99,2,70.74000000000001
15566.0,28,2,227.87
15569.0,26,5,2207.74
15570.0,5,15,5096.82
15571.0,22,10,3241.92
15572.0,16,3,1431.78
15573.0,254,3,597.23
15574.0,8,4,732.84
15575.0,255,1,30.1
15577.0,359,2,137.15
15579.0,19,5,887.78
15580.0,12,14,1216.15
15581.0,2,30,2333.36
15583.0,12,1,95.96
15584.0,35,2,547.34
15586.0,227,4,1128.66
15587.0,28,3,608.4000000000001
15588.0,313,1,579.6
15590.0,18,5,1496.6
15591.0,218,3,217.9
15595.0,123,1,357.6
15596.0,1,8,1680.25
15597.0,211,1,238.8
15598.0,63,1,307.34
15599.0,81,1,488.32
15600.0,64,5,1178.71
15601.0,8,19,8173.860000000001
15602.0,4,11,1892.3400000000001
15603.0,269,2,26.25
15605.0,9,6,735.1700000000001
15606.0,26,8,2310.83
15607.0,179,12,1473.81
15608.0,51,1,692.3
15611.0,10,17,1289.98
15613.0,246,1,433.71999999999997
15614.0,64,7,3008.86
15615.0,26,27,10922.03
15616.0,74,1,317.11
15617.0,32,3,828.5500000000001
15620.0,36,2,385.53000000000003
15622.0,60,14,4093.55
15623.0,29,7,2136.02
15625.0,12,6,1698.69
15626.0,45,2,373.57
15627.0,93,2,566.9
15628.0,2,12,2737.7200000000003
15629.0,86,4,2240.9
15630.0,280,1,295.05
15631.0,278,1,596.67
15633.0,145,18,4156.91
15634.0,19,1,311.1
15635.0,31,1,100.35
15636.0,73,2,719.82
15637.0,49,4,574.23
15638.0,14,8,2231.2
15639.0,85,4,603.01
15640.0,8,18,11372.07
15641.0,32,8,3458.35
15642.0,365,1,105.78000000000002
15645.0,38,3,430.56
15646.0,8,3,526.97
15647.0,51,1,169.0
15649.0,3,3,1354.35
15650.0,151,3,539.03
15651.0,56,2,612.76
15652.0,23,5,1059.7
15658.0,8,6,1311.44
15659.0,22,2,226.04
15660.0,1,7,1212.13
15661.0,15,6,906.15
15662.0,297,2,283.73
15664.0,64,5,853.72
15665.0,47,3,1764.86
15666.0,108,2,632.9399999999999
15670.0,183,2,142.15
15672.0,361,1,45.300000000000004
15673.0,87,6,3473.14
15674.0,53,10,4473.83
15675.0,40,1,218.35
15677.0,57,2,648.4
15678.0,31,2,1473.24
15680.0,2,10,3130.8
15681.0,15,10,1533.84
15682.0,235,3,316.99
15683.0,109,1,330.79
15684.0,183,6,147.8
15685.0,86,1,55.980000000000004
15686.0,56,1,90.0
15688.0,54,1,190.57
15689.0,253,1,266.93
15691.0,30,4,375.0
15693.0,295,1,37.5
15694.0,1,16,4142.86
15695.0,233,2,721.06
15696.0,57,9,1113.01
15697.0,325,1,246.75
15698.0,260,1,46.2
15702.0,112,2,140.39000000000001
15704.0,129,4,1367.26
15708.0,5,5,948.97
15709.0,225,1,194.6
15710.0,53,1,898.87
15711.0,192,2,420.25
15712.0,15,8,2395.1
15713.0,2,4,639.24
15714.0,89,3,453.93
15715.0,191,5,658.02
15716.0,5,8,1913.55
15717.0,57,4,456.70000000000005
15718.0,176,1,293.79
15719.0,17,25,5090.45
15720.0,186,1,140.49
15722.0,81,9,2926.09
15723.0,47,3,740.0
15724.0,29,2,87.5
15726.0,26,1,321.91
15727.0,23,8,4212.65
15728.0,15,2,544.6
15729.0,29,3,92.7
15730.0,15,3,599.8
15731.0,189,1,125.3
15732.0,8,11,1343.4
15734.0,72,2,923.85
15735.0,57,1,327.68
15736.0,66,3,1668.67
15738.0,1,28,8553.35
15741.0,94,2,208.62
15742.0,255,1,156.87
15747.0,11,7,1551.22
15748.0,85,2,465.45000000000005
15750.0,1,18,4240.071
15751.0,96,14,1318.84
15752.0,8,3,1557.96
15754.0,129,8,2546.19
15755.0,15,12,3618.07
15757.0,22,4,2225.94
15759.0,84,7,557.94
15760.0,266,5,-5795.87
15761.0,78,1,143.05
15764.0,70,4,1207.81
15765.0,302,1,370.63
15766.0,80,3,484.6
15767.0,277,2,-242.70000000000002
15768.0,112,32,14685.43
15769.0,7,23,32445.66
15770.0,248,1,321.45
15771.0,240,3,1006.54
15772.0,54,1,280.88
15773.0,45,1,138.84
15774.0,45,6,1011.8000000000001
15775.0,267,1,45.6
15777.0,32,4,710.55
15778.0,67,1,307.95
15779.0,99,2,124.08000000000001
15782.0,66,2,1391.71
15784.0,103,2,848.3299999999999
15785.0,10,18,3521.58
15786.0,46,4,3558.65
15788.0,136,2,215.53
15789.0,67,6,1580.71
15791.0,142,6,1937.35
15792.0,35,2,933.84
15793.0,14,5,1433.96
15794.0,372,2,777.0
15795.0,66,7,1369.8600000000001
15796.0,10,12,2352.09
15797.0,217,2,613.6800000000001
15798.0,128,3,1535.37
15799.0,54,1,537.1999999999999
15800.0,89,5,530.18
15803.0,81,3,1513.84
15805.0,21,20,4256.75
15807.0,44,3,903.67
15808.0,5,20,14350.93
15809.0,91,3,463.67
15810.0,22,6,1579.3700000000001
15811.0,1,2,1557.38
15812.0,71,8,3385.03
15814.0,29,2,689.11
15816.0,178,3,93.3
15817.0,56,3,2766.4
15818.0,224,1,340.5
15819.0,67,7,2005.83
15822.0,129,6,892.4399999999999
15823.0,8,5,3874.62
15824.0,89,2,890.94
15826.0,199,2,933.77
15827.0,8,24,1789.48
15828.0,11,1,1108.82
15833.0,373,1,80.4
15834.0,8,4,1515.39
15837.0,121,1,385.03000000000003
15838.0,3,19,40053.35
15841.0,22,6,1507.4
15842.0,24,3,528.75
15845.0,172,4,622.78
15846.0,21,1,107.01
15847.0,64,3,433.3
15848.0,257,1,137.99
15849.0,232,1,-5876.34
15850.0,12,4,771.87
15851.0,162,1,109.73
15852.0,162,1,96.55
15854.0,12,9,2609.16
15855.0,112,1,340.48
15856.0,1,28,17514.63
15857.0,66,1,273.48
15858.0,3,11,2466.27
15859.0,68,1,438.46
15860.0,4,10,1498.8
15861.0,92,6,1203.48
15862.0,9,10,2033.64
15863.0,253,3,286.26
15864.0,17,1,244.44000000000003
15865.0,49,2,1346.29
15867.0,5,20,5150.56
15868.0,219,1,94.53
15869.0,262,1,171.47
15870.0,32,3,506.02
15871.0,73,1,33.099999999999994
15872.0,14,2,413.0
15873.0,128,5,138.23999999999998
15874.0,23,16,6804.33
15875.0,282,1,108.52
15876.0,45,2,1449.1399999999999
15878.0,197,2,330.77
15879.0,40,4,1137.8
15880.0,5,2,299.03
15882.0,4,8,953.5500000000001
15884.0,68,3,238.65000000000003
15885.0,19,17,1358.22
15886.0,52,3,871.78
15887.0,42,3,1027.15
15888.0,36,2,260.85
15889.0,5,8,1269.15
15890.0,30,5,535.65
15892.0,305,1,128.2
15893.0,117,1,305.28000000000003
15894.0,5,1,151.44
15896.0,260,1,-1899.67
15898.0,3,25,4071.51
15899.0,4,1,56.25
15900.0,49,4,539.39
15901.0,87,6,317.0
15902.0,16,1,145.01
15903.0,14,7,3733.48
15905.0,179,1,114.69
15906.0,10,4,920.65
15908.0,126,2,758.62
15910.0,36,7,1432.29
15911.0,84,10,1399.45
15912.0,72,7,810.08
15913.0,170,1,6.300000000000001
15914.0,14,2,205.99
15915.0,37,1,364.45
15916.0,2,10,1762.18
15917.0,242,4,407.07
15918.0,267,1,248.65
15919.0,4,1,214.07999999999998
15920.0,60,5,401.64
15921.0,32,3,452.23
15922.0,8,2,363.6
15923.0,8,1,127.08
15924.0,367,1,102.82
15926.0,178,1,134.44
15927.0,283,1,106.54
15928.0,292,1,293.53
15929.0,280,1,594.0
15931.0,64,1,239.9
15934.0,53,2,2190.66
15935.0,367,1,-308.82
15936.0,15,2,282.79
15938.0,92,4,330.23
15939.0,10,1,2945.38
15940.0,45,1,-31.8
15941.0,149,2,230.6
15943.0,285,2,271.28999999999996
15944.0,29,3,1839.1399999999999
15945.0,1,4,646.27
15946.0,138,3,2304.18
15948.0,60,1,553.85
15950.0,11,8,5194.25
15951.0,17,1,304.95
15953.0,5,12,1870.8
15954.0,225,1,190.75
15955.0,8,10,4232.8
15956.0,187,2,617.6
15957.0,56,2,492.36
15958.0,39,3,357.77
15959.0,318,3,542.89
15960.0,10,5,394.0
15961.0,15,1,451.28999999999996
15962.0,85,1,289.48
15964.0,299,1,269.21000000000004
15965.0,3,11,2105.51
15966.0,80,2,399.58
15967.0,15,11,2545.92
15968.0,24,1,404.55
15969.0,61,2,460.95
15970.0,234,1,703.22
15971.0,21,8,730.5800000000002
15972.0,92,5,1769.33
15973.0,2,3,680.62
15976.0,46,4,1266.77
15978.0,59,4,2173.84
15979.0,238,1,329.22
15980.0,100,6,4097.42
15981.0,31,19,5859.59
15982.0,241,1,324.51
15983.0,1,6,2458.9
15984.0,4,22,5667.59
15985.0,72,5,1572.8600000000001
15986.0,17,1,186.3
15987.0,4,2,216.7
15988.0,187,2,582.11
15989.0,11,2,368.31
15990.0,130,5,1205.64
15991.0,170,1,150.55
15992.0,32,2,854.61
15994.0,47,4,758.07
15995.0,50,1,694.54
15996.0,2,2,617.07
15997.0,253,1,-23.4
15998.0,29,15,5111.7699999999995
15999.0,371,1,20.4
16001.0,17,2,519.06
16002.0,261,1,169.21
16003.0,17,5,2878.46
16004.0,110,5,2146.39
16005.0,11,7,1754.33
16006.0,23,1,231.42
16007.0,19,3,1359.25
16008.0,18,12,4860.35
16010.0,12,9,1300.51
16011.0,2,15,2472.55
16012.0,37,2,1563.3
16013.0,7,42,19116.67
16014.0,44,2,453.45
16016.0,2,6,967.46
16017.0,53,4,1333.7
16018.0,32,2,289.23
16019.0,17,25,13053.22
16021.0,31,2,487.03
16024.0,47,2,232.96
16027.0,93,11,947.72
16028.0,231,1,82.2
16029.0,8,52,40808.3
16032.0,92,6,1965.72
16033.0,5,10,1930.68
16034.0,30,4,470.67
16035.0,196,1,217.73
16036.0,60,2,1797.92
16037.0,176,4,634.42
16039.0,59,3,449.65
16040.0,66,5,1070.15
16042.0,1,6,1005.63
16043.0,15,4,1082.6000000000001
16044.0,71,1,340.84000000000003
16045.0,52,5,1846.33
16046.0,198,1,235.78
16047.0,318,1,107.14
16048.0,9,5,812.84
16049.0,11,3,777.34
16050.0,19,2,162.8
16051.0,317,1,188.44
16053.0,49,6,2094.19
16054.0,54,6,1306.78
16057.0,67,7,1061.85
16058.0,42,1,62.7
16059.0,3,7,1718.66
16060.0,36,3,541.95
16061.0,56,2,74.9
16062.0,15,4,1709.83
16064.0,361,1,109.31
16065.0,1,10,1975.13
16067.0,198,6,2900.01
16068.0,229,1,115.73
16069.0,53,1,457.7
16071.0,163,3,750.5600000000001
16072.0,64,3,3595.77
16074.0,26,1,252.5
16075.0,138,3,726.98
16077.0,210,2,600.0
16078.0,305,1,283.79
16080.0,21,3,296.3
16081.0,2,4,1637.14
16082.0,306,1,106.75
16083.0,18,2,1033.8
16085.0,16,8,1353.72
16086.0,3,6,1743.6
16087.0,25,5,1739.92
16088.0,211,2,1437.43
16089.0,22,2,263.49
16090.0,260,1,180.56
16092.0,140,5,736.13
16094.0,11,13,2557.33
16095.0,92,1,447.05
16096.0,52,3,1264.3500000000001
16098.0,9,8,2435.67
16099.0,53,5,836.35
16100.0,98,1,582.64
16101.0,70,4,1921.46
16103.0,25,21,4573.12
16104.0,54,10,2213.0
16105.0,74,4,2049.23
16108.0,66,6,1355.83
16109.0,283,2,311.7
16110.0,158,1,460.64
16111.0,64,1,549.33
16115.0,33,4,892.92
16117.0,38,3,417.84
16118.0,29,5,4255.43
16119.0,30,6,1297.45
16120.0,58,2,1658.3700000000001
16121.0,16,4,575.48
16122.0,2,3,316.92
16124.0,54,4,1522.24
16125.0,3,14,4292.35
16126.0,15,11,8356.83
16127.0,362,1,145.06
16128.0,16,9,1868.18
16129.0,43,3,1396.05
16130.0,58,4,987.48
16131.0,11,9,6359.73
16132.0,180,2,664.1999999999999
16133.0,12,32,7923.22
16134.0,59,4,1516.3
16135.0,219,1,301.9
16136.0,278,2,211.7
16137.0,316,1,422.7
16138.0,4,4,902.4
16139.0,358,2,475.74
16140.0,7,2,832.4200000000001
16141.0,53,1,335.54
16143.0,5,10,2447.04
16145.0,21,11,2951.62
16146.0,84,1,212.25
16147.0,36,6,1992.02
16148.0,72,3,294.05
16149.0,65,1,141.70000000000002
16150.0,8,11,2248.62
16151.0,234,1,-4217.59
16153.0,46,8,3213.28
16154.0,318,1,-10.5
16155.0,17,6,781.05
16156.0,18,13,2928.77
16158.0,158,10,611.32
16159.0,88,4,882.09
16161.0,4,33,7050.34
16163.0,1,12,1822.03
16165.0,141,1,79.9
16166.0,64,4,327.48
16167.0,50,6,1149.8700000000001
16168.0,5,46,6768.48
16170.0,31,18,4933.25
16172.0,109,3,744.34
16174.0,127,4,1237.2
16175.0,107,3,798.85
16176.0,57,7,1964.04
16177.0,70,11,1809.66
16178.0,37,1,414.7
16180.0,114,6,5952.79
16182.0,74,5,3354.0
16183.0,30,3,739.1
16185.0,200,1,115.31
16186.0,8,18,4991.97
16188.0,43,2,95.85000000000001
16190.0,30,7,2508.4700000000003
16191.0,11,15,10238.6
16192.0,371,1,351.3
16193.0,46,1,315.98
16194.0,11,1,308.59999999999997
16195.0,359,1,323.25
16196.0,124,1,93.3
16197.0,105,9,2016.71
16198.0,73,1,629.36
16199.0,28,7,942.75
16200.0,18,11,4525.73
16201.0,51,1,248.65
16202.0,53,10,2101.77
16203.0,8,3,521.64
16204.0,16,3,529.53
16205.0,32,3,1062.48
16206.0,23,10,2047.8600000000001
16208.0,30,8,2776.19
16209.0,18,4,1884.16
16210.0,4,21,17217.760000000002
16211.0,57,2,543.5699999999999
16212.0,254,2,603.37
16214.0,71,1,975.5
16218.0,9,12,1288.73
16219.0,136,1,40.8
16220.0,364,1,-10.17
16221.0,3,8,1319.3
16222.0,357,1,498.5
16223.0,10,2,1087.05
16224.0,23,1,321.24
16225.0,38,13,1717.49
16226.0,14,2,417.05
16227.0,115,4,640.5
16228.0,10,4,881.0600000000001
16229.0,17,5,1824.76
16231.0,15,4,1074.47
16232.0,56,5,1708.79
16233.0,2,8,1396.58
16234.0,109,4,312.78
16235.0,11,5,1132.2
16237.0,73,1,136.65
16238.0,58,1,63.66
16239.0,18,4,1078.0
16241.0,5,4,1680.2
16242.0,17,10,3795.59
16244.0,8,1,1056.63
16246.0,95,2,821.35
16250.0,9,2,401.94
16251.0,148,1,128.31
16252.0,2,2,2.6645352591003757e-15
16253.0,56,6,3573.34
16254.0,14,3,967.44
16255.0,1,10,2222.54
16256.0,129,2,876.9399999999999
16258.0,23,11,6630.01
16259.0,46,3,340.94
16261.0,22,2,312.62
16262.0,14,2,709.4300000000001
16263.0,59,1,348.16
16264.0,74,2,823.53
16265.0,22,4,1470.47
16266.0,59,7,896.06
16267.0,227,1,186.66
16269.0,64,2,714.59
16271.0,93,5,1993.18
16273.0,284,2,318.34000000000003
16274.0,9,1,351.75
16275.0,110,2,1591.24
16276.0,115,2,1818.79
16277.0,369,1,188.69
16278.0,113,4,518.76
16279.0,21,6,4195.5
16280.0,361,1,238.05
16281.0,58,3,1354.46
16282.0,123,2,1139.28
16283.0,54,5,2726.36
16284.0,29,1,205.8
16285.0,282,1,176.9
16286.0,113,4,263.65
16287.0,12,4,864.48
16288.0,106,1,129.85
16289.0,98,2,98.81
16290.0,100,4,1957.7
16291.0,318,1,117.72
16292.0,11,7,890.56
16293.0,3,8,2395.46
16294.0,112,1,126.05000000000001
16296.0,262,6,1245.97
16298.0,33,6,481.8
16299.0,108,2,178.65
16300.0,66,3,1367.32
16301.0,372,1,107.33
16303.0,28,5,2517.89
16304.0,330,1,381.66
16306.0,3,2,560.55
16307.0,65,3,1194.92
16308.0,42,3,2560.0
16310.0,50,2,460.08
16312.0,68,1,171.15
16314.0,25,3,1491.4
16315.0,172,1,176.34
16316.0,16,7,2777.75
16317.0,186,3,838.11
16320.0,89,6,3390.39
16321.0,262,3,34.8
16323.0,213,1,146.16
16325.0,59,12,2953.3
16326.0,19,11,1587.03
16327.0,5,15,6849.15
16328.0,199,1,310.83
16329.0,63,4,1664.92
16330.0,60,4,373.46999999999997
16331.0,68,6,2037.7
16332.0,67,5,406.77
16334.0,128,1,263.73
16335.0,187,8,2726.52
16336.0,56,4,3517.69
16340.0,75,2,961.93
16341.0,73,4,1872.91
16343.0,43,1,285.54
16344.0,145,3,741.3199999999999
16345.0,119,1,613.33
16346.0,21,1,224.51
16347.0,24,11,2568.11
16348.0,66,1,328.77
16350.0,1,8,1106.02
16351.0,47,17,3125.23
16353.0,5,19,3310.2200000000003
16354.0,15,3,723.66
16355.0,10,2,349.2
16356.0,12,3,204.10000000000002
16357.0,17,1,209.49
16358.0,30,1,892.1500000000001
16359.0,12,8,919.03
16362.0,66,2,189.67
16365.0,3,8,1756.3799999999999
16366.0,218,3,1220.83
16367.0,19,1,549.8100000000001
16368.0,71,1,141.53
16369.0,72,4,1111.15
16371.0,84,1,157.2
16372.0,38,4,904.58
16373.0,18,2,309.49
16374.0,38,3,1256.67
16375.0,106,2,104.0
16377.0,253,1,632.28
16381.0,31,2,247.85
16382.0,44,2,353.1
16383.0,32,7,2188.93
16384.0,65,2,774.4499999999999
16385.0,2,3,473.69
16386.0,23,1,765.59
16387.0,31,4,788.1
16388.0,289,1,186.05
16390.0,172,3,467.5
16391.0,36,4,1052.26
16392.0,49,2,538.81
16393.0,5,11,2441.61
16395.0,29,12,1957.45
16396.0,109,3,102.69999999999999
16397.0,264,1,123.13
16399.0,25,1,222.20000000000002
16400.0,31,8,2755.92
16401.0,15,19,2567.75
16402.0,5,1,205.65
16404.0,368,1,-12.75
16406.0,86,3,355.31
16407.0,25,4,681.97
16408.0,227,1,231.93
16409.0,16,7,3629.76
16410.0,370,1,130.32
16411.0,5,3,673.24
16412.0,29,4,457.2
16413.0,11,1,259.83
16414.0,67,3,424.96000000000004
16415.0,219,2,496.49
16416.0,26,6,1906.48
16417.0,128,1,35.7
16418.0,44,2,397.62
16419.0,213,2,504.99
16420.0,32,1,75.0
16421.0,12,3,526.27
16422.0,5,72,27242.45
16424.0,18,1,309.5
16428.0,49,3,638.49
16430.0,17,6,817.09
16433.0,44,1,200.26
16434.0,82,6,1147.19
16435.0,148,3,1003.0699999999999
16436.0,304,4,231.84
16437.0,17,2,301.25
16439.0,358,1,310.70000000000005
16440.0,129,1,216.3
16441.0,53,4,626.98
16442.0,240,2,282.68
16443.0,156,1,162.24
16444.0,26,15,2912.91
16445.0,22,3,352.65
16446.0,67,1,-9.0
16447.0,226,2,471.19
16448.0,107,1,178.13
16450.0,220,3,1163.81
16451.0,197,3,742.4300000000001
16452.0,266,2,332.17
16453.0,166,2,251.71
16454.0,67,5,10.05
16455.0,7,8,2458.04
16456.0,9,10,3952.66
16458.0,11,12,2208.15
16459.0,365,1,71.78999999999999
16461.0,226,2,1402.91
16465.0,49,3,726.34
16466.0,19,9,2046.13
16467.0,144,8,2862.4
16468.0,106,2,712.62
16469.0,150,1,178.48000000000002
16470.0,32,7,1664.08
16471.0,28,5,962.23
16472.0,70,2,789.6
16473.0,10,1,154.72
16476.0,53,3,337.0
16477.0,7,5,1825.56
16481.0,295,3,428.23
16485.0,68,6,1766.54
16486.0,173,1,134.36
16487.0,213,2,209.4
16489.0,16,2,303.7
16490.0,66,2,179.16000000000003
16491.0,36,2,792.81
16492.0,176,1,385.56
16493.0,80,3,780.46
16496.0,67,3,731.25
16497.0,49,17,3729.59
16499.0,1,9,2172.64
16500.0,10,4,435.09999999999997
16501.0,19,1,1191.23
16502.0,256,2,258.55
16503.0,29,8,2176.46
16507.0,208,1,142.71
16508.0,266,1,240.95
16510.0,8,6,1777.5
16511.0,33,3,842.16
16512.0,364,1,-33.9
16514.0,266,1,-134.86
16515.0,15,5,1554.92
16518.0,57,3,457.35
16519.0,1,3,327.68
16520.0,1,5,1420.82
16521.0,51,3,1140.11
16522.0,71,2,433.36
16523.0,25,11,2464.87
16524.0,82,2,306.19
16525.0,2,26,11435.27
16526.0,220,1,426.85
16527.0,60,1,1004.88
16529.0,113,3,1531.55
16530.0,304,1,48.349999999999994
16531.0,17,5,1018.99
16532.0,67,2,2007.84
16534.0,278,1,635.9
16535.0,21,2,378.28999999999996
16537.0,277,1,23.35
16538.0,177,3,395.07
16539.0,9,7,2343.2
16540.0,50,1,205.75
16541.0,371,2,419.78
16542.0,37,1,137.7
16543.0,219,2,277.80999999999995
16544.0,155,6,110.3
16545.0,11,1,350.52
16546.0,8,6,3933.29
16547.0,182,1,104.25999999999999
16548.0,235,1,30.15
16549.0,33,27,8724.35
16550.0,4,22,6836.18
16551.0,59,4,1315.0
16552.0,9,1,95.29
16553.0,2,23,10831.3
16554.0,16,11,1765.62
16555.0,137,8,5.329070518200751e-15
16556.0,11,17,4296.44
16558.0,2,24,5461.92
16559.0,33,1,175.0
16560.0,33,7,2194.2200000000003
16562.0,112,1,223.85999999999999
16563.0,36,6,3324.62
16564.0,205,1,87.8
16565.0,42,4,526.75
16568.0,63,2,1020.9000000000001
16569.0,267,4,1331.03
16570.0,15,16,3218.87
16571.0,21,12,2739.83
16574.0,59,2,850.34
16575.0,318,1,-10.49
16576.0,45,5,513.1700000000001
16577.0,302,1,380.0
16578.0,262,1,156.6
16579.0,1,2,264.45
16580.0,364,1,-5.0
16583.0,9,2,297.95
16584.0,64,4,2169.94
16585.0,229,2,341.59
16586.0,80,2,998.83
16588.0,22,4,1361.28
16589.0,86,1,153.12
16590.0,17,3,563.6
16592.0,11,15,3551.18
16593.0,26,6,721.21
16595.0,12,4,1397.59
16596.0,2,3,329.48
16599.0,21,1,172.8
16600.0,10,10,1280.04
16601.0,26,2,434.3
16602.0,21,3,216.9
16604.0,184,3,326.25
16605.0,360,1,60.48
16606.0,40,2,357.66
16607.0,35,13,2336.5099999999998
16608.0,89,2,1286.6200000000001
16611.0,39,5,1655.64
16612.0,10,6,2055.82
16614.0,38,2,673.6
16615.0,204,2,264.5
16619.0,19,3,1712.1200000000001
16620.0,25,4,1579.97
16622.0,178,2,205.6
16623.0,37,4,873.04
16625.0,58,5,1318.0
16628.0,43,2,130.05
16630.0,43,2,104.30000000000001
16631.0,117,8,1867.02
16632.0,121,2,406.4
16634.0,8,9,1145.2
16635.0,42,1,473.0
16636.0,74,4,3802.04
16638.0,4,6,749.8100000000001
16639.0,45,1,490.47
16640.0,33,1,179.4
16641.0,337,1,323.40000000000003
16642.0,24,2,371.63
16643.0,53,2,428.05
16645.0,371,1,160.39
16646.0,79,2,675.05
16647.0,78,2,327.84
16648.0,91,2,382.14
16649.0,156,1,306.58000000000004
16650.0,56,6,1397.69
16651.0,222,1,136.2
16652.0,40,13,10658.57
16654.0,4,5,1110.2
16655.0,47,8,2598.64
16656.0,56,23,7739.4800000000005
16658.0,4,9,573.48
16660.0,58,3,611.9000000000001
16661.0,176,5,788.3100000000001
16662.0,30,1,151.05
16663.0,365,1,165.0
16664.0,205,1,109.2
16666.0,257,1,98.73
16668.0,23,7,555.7
16669.0,262,1,-1144.73
16670.0,29,16,3764.2000000000003
16673.0,315,1,171.13
16675.0,77,2,608.86
16676.0,38,2,769.78
16677.0,29,3,849.77
16679.0,2,3,663.31
16680.0,164,2,637.75
16681.0,277,1,151.5
16683.0,165,2,309.35
16684.0,15,34,75610.17
16686.0,25,9,1921.19
16687.0,26,1,157.63
16690.0,29,2,127.45
16691.0,54,2,178.83
16692.0,44,2,638.6999999999999
16693.0,47,3,701.62
16694.0,359,1,98.30000000000001
16695.0,197,2,191.9
16699.0,16,8,964.9
16700.0,2,15,4044.06
16701.0,59,16,4464.32
16702.0,51,5,1100.8799999999999
16703.0,367,1,-15.0
16704.0,254,2,664.16
16705.0,24,32,28707.011
16707.0,36,4,533.41
16709.0,15,9,6026.14
16710.0,4,14,3811.03
16711.0,15,5,1100.45
16712.0,37,2,621.5600000000001
16713.0,2,22,7521.96
16714.0,295,3,343.18
16715.0,198,1,323.8
16716.0,266,1,1248.48
16717.0,2,12,3031.6
16718.0,5,5,3006.08
16719.0,4,10,2045.88
16720.0,12,3,403.74
16722.0,2,12,4256.62
16723.0,79,2,654.96
16724.0,40,1,147.35
16725.0,7,9,1046.69
16726.0,19,2,705.14
16727.0,28,3,1121.45
16731.0,284,1,170.3
16732.0,32,8,3363.04
16733.0,165,1,259.68
16735.0,29,15,3362.8
16736.0,141,8,2904.51
16737.0,213,1,417.59999999999997
16739.0,149,2,459.68
16740.0,31,1,226.91
16741.0,261,1,173.06
16742.0,128,13,2334.97
16743.0,92,7,1999.02
16746.0,19,27,11335.44
16748.0,24,10,2116.39
16749.0,227,2,4157.88
16752.0,8,1,207.5
16754.0,8,35,54558.18
16755.0,103,5,1382.9
16756.0,40,8,1048.02
16757.0,45,1,163.65
16760.0,66,1,228.0
16763.0,374,1,352.85
16765.0,18,1,420.75
16767.0,54,5,2379.2
16768.0,19,9,1179.48
16769.0,114,3,755.51
16770.0,8,6,1145.73
16771.0,93,5,1706.99
16772.0,53,5,2760.1
16773.0,72,2,249.65
16774.0,59,4,905.96
16775.0,3,7,1279.63
16776.0,51,1,220.97
16777.0,36,4,1038.81
16779.0,2,35,22443.260000000002
16780.0,43,1,174.16
16781.0,1,3,606.4
16782.0,1,33,7680.57
16783.0,72,1,391.95
16784.0,12,4,784.73
16785.0,45,1,533.78
16786.0,29,1,51.839999999999996
16787.0,33,4,1017.53
16788.0,40,3,1334.54
16791.0,16,10,2174.78
16792.0,19,3,513.08
16794.0,16,5,856.1999999999999
16795.0,1,5,2035.21
16797.0,29,9,1761.02
16798.0,190,4,830.01
16799.0,68,3,447.83
16802.0,315,2,582.61
16805.0,213,3,630.75
16807.0,106,5,943.29
16809.0,68,4,812.74
16810.0,50,2,510.5
16812.0,14,4,1737.45
16814.0,5,16,5781.4400000000005
16815.0,89,2,406.02
16817.0,1,7,1147.6
16819.0,101,2,182.59
16821.0,17,1,113.35
16822.0,299,3,144.84
16823.0,23,7,1877.76
16824.0,29,1,225.6
16825.0,14,3,1051.71
16827.0,29,5,392.13
16829.0,24,1,316.1
16830.0,78,4,857.7900000000001
16831.0,200,1,91.8
16832.0,64,2,218.45999999999998
16833.0,75,2,1302.51
16834.0,310,1,485.5
16835.0,9,9,1290.66
16836.0,42,2,530.5
16838.0,166,3,543.76
16839.0,5,13,5610.49
16840.0,239,3,126.71000000000001
16841.0,64,7,2066.54
16843.0,58,21,9344.96
16844.0,198,2,614.34
16845.0,254,1,253.88
16846.0,213,2,628.09
16847.0,254,1,421.45000000000005
16848.0,12,3,1130.2
16853.0,367,1,-67.5
16854.0,53,2,1408.96
16856.0,53,2,323.09000000000003
16857.0,78,1,352.8
16858.0,2,16,4085.7400000000002
16859.0,52,5,1184.6
16860.0,88,4,1593.67
16861.0,4,4,750.72
16862.0,183,4,662.33
16863.0,2,2,495.72
16864.0,70,2,409.25
16865.0,37,1,130.95
16867.0,325,1,76.74000000000001
16868.0,30,3,384.56
16870.0,105,1,450.15999999999997
16872.0,63,3,533.11
16873.0,65,7,7480.72
16874.0,15,1,209.89000000000001
16875.0,70,11,2029.73
16876.0,39,1,136.01
16879.0,56,2,-140.95999999999998
16880.0,129,1,321.78
16883.0,7,19,2091.66
16884.0,192,2,641.13
16885.0,21,1,234.19
16886.0,80,2,0.0
16887.0,36,2,465.84000000000003
16888.0,36,3,434.2
16889.0,33,3,947.98
16890.0,112,3,285.41
16891.0,7,7,1202.77
16892.0,190,2,236.56
16893.0,2,2,249.89000000000001
16894.0,138,5,1265.26
16895.0,74,4,900.63
16896.0,191,1,103.95
16898.0,1,4,431.90999999999997
16899.0,14,2,424.71000000000004
16901.0,365,1,204.26
16903.0,16,3,646.25
16904.0,3,7,1360.31
16905.0,7,13,1910.87
16906.0,64,3,851.33
16907.0,1,5,722.0500000000001
16908.0,358,2,153.59
16911.0,263,3,251.35
16912.0,57,4,1904.93
16913.0,287,2,310.46999999999997
16915.0,22,5,921.5
16916.0,8,3,536.04
16917.0,268,2,1451.41
16918.0,58,12,2087.97
16919.0,4,18,2443.66
16920.0,47,1,355.45
16921.0,78,2,255.03
16922.0,208,1,611.08
16923.0,11,15,6083.85
16925.0,176,1,125.65
16926.0,7,6,1158.66
16928.0,9,15,1145.53
16931.0,5,3,629.4
16932.0,59,2,262.32
16933.0,25,11,2487.57
16934.0,19,5,1131.8600000000001
16935.0,17,3,530.86
16936.0,21,1,286.39
16937.0,135,1,196.25
16938.0,17,5,4283.68
16939.0,124,3,433.85
16940.0,86,8,3195.5299999999997
16941.0,247,1,33.0
16943.0,175,4,0.0
16944.0,245,1,101.36
16945.0,29,16,4185.16
16946.0,19,6,1199.54
16947.0,38,9,490.25
16948.0,65,4,433.75
16950.0,3,10,2476.03
16952.0,77,3,628.22
16954.0,15,12,3952.25
16955.0,4,6,767.49
16958.0,71,1,778.49
16960.0,26,6,1462.38
16961.0,15,5,538.84
16962.0,45,1,251.04
16964.0,369,2,207.85
16970.0,262,1,71.4
16972.0,18,2,749.0
16973.0,22,1,127.0
16974.0,158,2,365.5
16975.0,49,5,902.4200000000001
16977.0,31,4,496.0
16978.0,302,2,424.55
16979.0,19,4,978.04
16980.0,64,1,394.37
16981.0,176,1,-4620.86
16983.0,5,5,1748.15
16984.0,35,14,5824.56
16985.0,12,15,5084.14
16986.0,81,9,3015.55
16987.0,12,5,892.7
16988.0,15,1,256.55
16990.0,58,1,165.0
16991.0,57,1,1041.21
16992.0,23,9,3858.2400000000002
16993.0,99,3,1688.15
16994.0,262,1,-779.32
16995.0,8,1,-1.25
16996.0,18,4,616.7
16998.0,80,1,107.0
17000.0,32,2,406.3
17001.0,12,8,2651.23
17002.0,79,4,1077.82
17003.0,38,4,828.21
17004.0,28,2,1012.22
17005.0,106,3,612.41
17006.0,28,4,853.49
17007.0,73,1,230.17000000000002
17008.0,65,1,81.36
17009.0,187,1,242.06
17011.0,283,3,265.8
17012.0,361,1,360.61
17013.0,239,2,-3224.76
17016.0,212,1,552.4
17017.0,1,18,-486.6999999999997
17018.0,23,4,1367.6
17019.0,4,10,2642.33
17020.0,178,2,935.62
17021.0,78,6,1182.22
17022.0,68,1,189.0
17023.0,53,3,800.18
17025.0,9,4,1152.87
17026.0,5,2,54.15
17027.0,82,3,433.07
17028.0,217,3,1593.83
17029.0,18,5,1421.3
17031.0,14,4,2393.5
17032.0,77,13,2129.78
17033.0,33,1,302.65000000000003
17034.0,43,3,497.25
17035.0,227,2,180.06
17036.0,19,1,176.9
17038.0,51,1,630.77
17039.0,240,1,1954.99
17040.0,186,1,13.52
17041.0,33,3,583.71
17043.0,11,4,858.47
17044.0,10,13,10970.17
17045.0,12,2,488.24
17046.0,80,4,1264.05
17047.0,67,3,1188.33
17048.0,73,5,1127.13
17049.0,11,14,3999.0
17050.0,11,6,1162.82
17051.0,82,3,465.6
17055.0,81,1,232.85
17056.0,374,1,128.60000000000002
17057.0,232,1,294.74
17059.0,5,6,2488.84
17062.0,1,4,645.8100000000001
17063.0,15,12,2155.29
17065.0,273,2,194.7
17066.0,362,1,228.34
17067.0,360,3,454.54
17068.0,4,28,4587.84
17069.0,9,9,3063.18
17070.0,46,1,133.18
17071.0,15,6,1345.48
17072.0,261,1,273.35
17074.0,198,1,203.05
17075.0,65,6,1402.51
17076.0,28,3,401.66999999999996
17077.0,214,1,306.0
17080.0,15,5,669.91
17081.0,31,4,660.48
17082.0,30,4,2728.18
17083.0,38,8,2629.3
17084.0,32,2,2249.97
17085.0,12,26,6162.87
17087.0,373,1,221.53
17089.0,22,1,128.45
17090.0,10,7,1014.09
17091.0,3,14,3952.79
17092.0,73,10,3705.73
17093.0,228,1,235.88
17094.0,59,1,100.2
17095.0,60,6,1224.39
17096.0,16,10,2636.9
17097.0,1,2,363.66
17098.0,17,3,591.0699999999999
17099.0,169,1,582.17
17101.0,30,3,885.3199999999999
17103.0,358,1,424.3
17104.0,59,1,474.03
17106.0,25,1,481.58
17107.0,33,6,5232.89
17108.0,299,1,174.95
17109.0,42,2,410.42
17110.0,156,2,336.59999999999997
17111.0,61,1,227.97
17112.0,138,1,197.57
17113.0,141,8,2092.16
17115.0,158,8,1809.39
17116.0,284,1,389.78
17121.0,38,1,314.74
17122.0,24,3,432.18
17123.0,75,2,631.87
17126.0,17,4,1026.98
17127.0,64,5,1155.0300000000002
17129.0,156,1,31.85
17130.0,318,1,-18.38
17132.0,88,2,1220.9099999999999
17133.0,108,6,8079.85
17134.0,78,1,212.1
17135.0,7,5,787.11
17136.0,298,1,231.68
17137.0,52,6,1099.81
17138.0,25,6,4036.77
17139.0,25,14,8906.04
17141.0,54,4,727.58
17142.0,40,3,696.25
17143.0,53,2,880.97
17145.0,101,7,3014.64
17146.0,66,13,5038.61
17147.0,49,10,1389.51
17149.0,87,1,143.10000000000002
17150.0,12,6,1357.95
17151.0,371,1,231.90000000000003
17152.0,61,1,327.0
17155.0,163,5,640.76
17156.0,120,2,572.07
17157.0,116,17,4832.9
17158.0,183,3,695.33
17159.0,113,2,560.71
17160.0,10,12,6683.33
17161.0,80,1,856.01
17163.0,81,2,406.68
17165.0,17,7,1624.95
17167.0,15,3,867.11
17168.0,134,1,400.2
17169.0,196,2,313.0
17170.0,10,3,118.98
17171.0,297,1,159.68
17172.0,63,4,597.73
17176.0,162,2,596.1899999999999
17177.0,141,1,119.5
17178.0,367,1,432.96
17179.0,18,3,795.47
17180.0,58,8,1447.8
17181.0,9,2,225.45000000000002
17182.0,58,2,321.3
17184.0,205,2,198.41000000000003
17185.0,227,3,229.46
17187.0,162,1,263.76
17188.0,71,8,2086.25
17189.0,196,3,569.88
17190.0,39,5,1281.83
17191.0,4,12,2701.27
17192.0,172,1,75.28
17193.0,22,3,580.14
17194.0,166,1,549.88
17195.0,291,1,562.98
17196.0,63,1,327.75
17198.0,1,2,521.66
17199.0,218,1,135.04000000000002
17200.0,23,4,356.71
17201.0,159,4,837.72
17202.0,56,1,160.65
17203.0,24,4,2004.01
17204.0,10,6,3910.78
17205.0,52,2,615.27
17207.0,288,1,292.62
17208.0,31,1,111.15
17209.0,285,3,595.7
17210.0,28,1,251.72
17211.0,5,7,1702.43
17212.0,94,2,567.5600000000001
17213.0,2,10,2337.85
17215.0,100,1,186.15
17216.0,190,1,63.6
17217.0,255,1,96.6
17218.0,4,9,2226.96
17219.0,52,1,144.9
17220.0,53,7,1269.76
17221.0,227,3,642.14
17222.0,113,5,1250.86
17223.0,4,2,433.99
17224.0,137,1,100.86
17225.0,217,1,131.15
17226.0,80,2,501.97999999999996
17227.0,4,7,1081.8600000000001
17228.0,3,7,1269.8899999999999
17230.0,198,12,5692.78
17231.0,25,21,3880.61
17233.0,84,2,369.98
17235.0,8,7,1354.82
17236.0,46,6,1013.13
17237.0,11,2,679.44
17238.0,7,17,3982.66
17239.0,23,4,794.2
17240.0,232,1,130.6
17241.0,21,12,2736.64
17242.0,92,3,1754.24
17243.0,5,51,11788.08
17244.0,19,4,871.14
17245.0,325,1,200.18
17246.0,182,2,38.92
17248.0,117,1,181.89000000000001
17249.0,64,1,68.03
17251.0,18,3,520.45
17254.0,37,1,198.29
17255.0,26,2,490.21999999999997
17256.0,117,3,258.93
17257.0,72,2,189.78
17258.0,32,2,417.3
17259.0,4,5,1239.11
17260.0,47,1,120.95
17261.0,145,1,221.59
17262.0,2,7,1504.26
17264.0,60,1,268.28
17266.0,135,2,205.14
17268.0,81,7,970.25
17269.0,21,1,491.81
17270.0,105,2,601.4499999999999
17271.0,372,1,204.3
17273.0,60,1,141.12
17274.0,31,1,465.4
17275.0,19,1,114.1
17276.0,35,2,445.44
17278.0,201,1,25.2
17280.0,74,1,118.85999999999999
17281.0,10,6,797.8499999999999
17282.0,92,2,623.08
17283.0,14,1,188.46
17284.0,25,4,686.54
17285.0,264,2,407.94
17286.0,36,2,237.81
17287.0,3,18,2984.25
17288.0,26,4,1050.8
17289.0,12,7,1109.53
17290.0,17,6,974.95
17292.0,108,2,271.75
17293.0,30,8,1896.57
17294.0,305,2,467.78999999999996
17296.0,366,1,338.13
17298.0,10,4,450.8
17299.0,75,2,336.62
17300.0,26,2,393.64
17301.0,260,1,131.15
17304.0,170,1,111.5
17305.0,284,1,2135.46
17306.0,29,2,1151.04
17307.0,1,15,3378.31
17308.0,29,2,4511.76
17309.0,17,2,237.64000000000001
17310.0,23,2,1025.1
17311.0,28,5,2105.81
17314.0,29,11,1999.94
17315.0,11,6,3314.1
17316.0,56,1,124.45
17318.0,361,1,157.32999999999998
17319.0,305,1,29.1
17320.0,4,4,1695.15
17321.0,30,4,1008.05
17322.0,12,7,900.64
17323.0,43,5,644.52
17324.0,2,10,1158.64
17325.0,46,2,512.77
17326.0,44,2,312.35
17327.0,45,2,152.35
17328.0,309,1,104.7
17329.0,367,3,475.42
17330.0,180,2,59.900000000000006
17332.0,164,5,838.27
17334.0,42,1,328.13
17335.0,19,2,497.04
17336.0,108,1,81.12
17338.0,11,10,5321.54
17339.0,1,3,60.0
17340.0,2,16,9404.86
17341.0,2,3,1006.53
17342.0,10,7,1155.8400000000001
17343.0,12,5,1066.3
17344.0,364,2,286.24
17345.0,11,8,946.64
17346.0,9,12,2509.84
17348.0,73,4,1285.69
17349.0,16,4,674.16
17350.0,30,3,612.381
17351.0,63,9,1401.08
17352.0,332,1,36.25
17353.0,49,5,1415.55
17354.0,64,3,1740.8999999999999
17355.0,22,1,273.31
17356.0,190,4,768.25
17358.0,12,3,500.2
17359.0,284,1,156.6
17360.0,21,4,602.32
17361.0,312,2,383.59000000000003
17362.0,36,6,698.3100000000001
17363.0,31,3,920.46
17364.0,12,19,7149.82
17365.0,22,8,3397.98
17366.0,28,3,1075.59
17368.0,11,7,829.67
17369.0,91,1,979.1999999999999
17371.0,259,3,236.97
17372.0,17,23,2958.0
17373.0,54,3,520.58
17374.0,29,2,215.44
17375.0,67,1,260.45
17376.0,40,2,250.44
17377.0,1,72,13881.25
17378.0,10,2,0.0
17380.0,70,4,643.75
17381.0,4,12,19726.76
17382.0,71,7,836.88
17383.0,89,1,110.69999999999999
17384.0,103,1,171.15
17386.0,21,1,126.35000000000001
17388.0,56,7,1415.81
17389.0,10,34,23277.6
17390.0,56,1,149.3
17392.0,86,1,168.65
17393.0,46,2,381.15
17395.0,144,1,97.5
17396.0,7,9,1243.8
17397.0,52,1,516.87
17399.0,176,1,-25111.09
17400.0,217,3,2525.44
17401.0,177,1,114.85
17402.0,5,15,2427.5299999999997
17403.0,86,1,118.95
17404.0,35,10,15706.0
17406.0,2,14,2663.38
17407.0,47,1,552.9
17408.0,136,3,132.24
17409.0,57,8,7021.66
17411.0,1,6,537.59
17412.0,8,13,3126.92
17413.0,40,2,560.14
17414.0,59,4,1471.52
17416.0,29,16,10383.13
17417.0,184,1,164.18
17418.0,23,1,206.60000000000002
17419.0,3,8,2273.95
17420.0,9,6,475.7
17421.0,22,3,1059.41
17422.0,10,10,1488.52
17423.0,29,1,420.54
17424.0,64,1,-176.96
17426.0,88,10,2584.11
17428.0,4,19,14159.61
17429.0,32,3,830.04
17430.0,1,3,469.40999999999997
17432.0,21,7,1363.23
17433.0,21,1,266.8
17435.0,47,1,331.35
17436.0,44,5,305.01
17437.0,165,1,369.68
17438.0,80,4,1034.32
17439.0,291,1,325.74
17440.0,185,1,137.16
17441.0,368,1,293.35
17442.0,1,14,2290.44
17445.0,266,1,-506.51
17448.0,133,53,14450.01
17449.0,23,6,2348.94
17450.0,3,8,46097.22
17452.0,239,1,-227.28
17454.0,88,7,1015.11
17456.0,1,2,975.5600000000001
17457.0,15,13,4061.31
17458.0,17,1,213.08
17460.0,8,15,1554.77
17463.0,192,3,654.45
17464.0,158,3,526.58
17465.0,61,9,2533.64
17467.0,31,1,102.6
17468.0,11,1,57.8
17469.0,36,16,3115.28
17470.0,3,7,1679.8
17471.0,110,1,321.65000000000003
17472.0,264,1,224.81
17473.0,37,3,592.15
17474.0,235,1,1047.0
17476.0,29,4,446.51
17477.0,248,5,1079.0
17478.0,44,2,1272.8
17479.0,268,1,389.26000000000005
17480.0,80,1,370.40999999999997
17482.0,123,2,775.64
17483.0,50,1,177.69
17484.0,212,2,209.57
17485.0,374,1,-29.55
17487.0,364,1,160.55
17488.0,277,1,336.5
17490.0,24,2,658.18
17491.0,3,8,2422.2000000000003
17492.0,114,2,747.85
17493.0,21,1,100.91000000000001
17494.0,137,1,54.699999999999996
17495.0,21,2,261.51
17496.0,199,4,1114.84
17497.0,26,2,287.25
17499.0,183,2,673.96
17504.0,16,9,6493.14
17505.0,186,3,1289.64
17508.0,17,8,4159.47
17510.0,56,1,206.07999999999998
17511.0,3,42,83760.6
17512.0,88,9,2512.23
17513.0,44,2,645.6
17514.0,305,1,313.35
17515.0,30,5,963.49
17516.0,14,1,182.62
17518.0,61,2,329.42
17519.0,4,11,3263.73
17521.0,30,2,554.85
17524.0,74,3,363.9
17525.0,33,2,739.2
17526.0,1,9,2970.14
17529.0,246,2,1240.25
17530.0,1,4,724.26
17531.0,147,7,897.77
17532.0,21,1,65.34
17533.0,70,1,34.8
17534.0,87,4,1445.47
17536.0,56,2,288.33
17539.0,253,7,997.3399999999999
17540.0,19,4,1011.7
17541.0,145,1,119.86
17542.0,277,2,170.1
17543.0,185,1,120.05
17544.0,26,3,944.82
17545.0,26,3,767.54
17546.0,182,1,-648.05
17547.0,8,4,692.35
17548.0,9,4,486.48
17550.0,33,7,1898.3799999999999
17552.0,8,12,2129.24
17553.0,108,3,2270.0
17555.0,61,3,565.43
17556.0,15,1,142.77
17557.0,368,1,34.0
17558.0,29,1,259.17
17559.0,148,1,167.62
17560.0,31,4,1040.85
17561.0,26,3,537.9
17563.0,214,5,309.28000000000003
17565.0,222,1,131.83
17567.0,8,2,1024.55
17568.0,269,1,374.45
17570.0,17,2,0.0
17571.0,178,1,205.23999999999998
17572.0,9,7,496.26000000000005
17575.0,303,1,171.7
17576.0,1,24,5260.5199999999995
17577.0,281,2,348.75
17578.0,110,8,878.99
17579.0,214,1,304.38
17580.0,12,2,325.3
17581.0,8,24,7511.36
17582.0,82,5,1254.68
17583.0,196,1,135.95
17584.0,103,4,4067.12
17585.0,81,3,948.03
17586.0,255,1,167.4
17587.0,264,1,176.71
17588.0,32,6,1661.45
17589.0,21,17,11288.72
17591.0,3,2,519.95
17592.0,374,2,0.0
17593.0,45,9,4132.44
17594.0,85,2,1504.7
17596.0,4,8,2062.39
17597.0,45,6,1380.92
17598.0,17,1,409.98
17599.0,100,3,44.55
17601.0,16,1,297.07
17602.0,100,10,2238.51
17603.0,253,6,1280.21
17604.0,58,4,633.02
17605.0,226,1,160.75
17606.0,373,1,87.30000000000001
17607.0,12,1,333.81
17608.0,85,2,296.07
17609.0,38,8,655.0699999999999
17610.0,176,8,1410.29
17611.0,57,16,4246.16
17612.0,10,22,3163.38
17615.0,23,4,384.7
17616.0,3,2,489.59999999999997
17617.0,194,2,227.14000000000001
17618.0,19,10,3046.06
17621.0,21,4,1693.22
17622.0,232,3,1125.17
17623.0,45,6,1838.72
17624.0,73,2,725.15
17625.0,82,4,3958.5
17626.0,238,1,254.0
17627.0,114,2,285.11
17629.0,24,2,641.4
17631.0,10,4,470.16
17632.0,353,2,-12.7
17633.0,15,3,732.55
17635.0,60,4,1256.83
17638.0,283,2,842.4
17639.0,23,5,506.67
17640.0,15,7,2485.93
17641.0,374,1,-6.95
17642.0,65,3,1112.2
17643.0,9,2,439.7
17644.0,30,11,3095.56
17645.0,364,1,-9.9
17646.0,1,13,3098.5
17647.0,305,2,198.6
17648.0,21,1,418.87
17649.0,105,3,680.7
17651.0,123,8,1745.92
17655.0,2,3,1013.54
17657.0,66,1,126.0
17659.0,8,4,829.38
17660.0,373,1,163.47
17661.0,277,1,-54.0
17662.0,297,2,412.92
17663.0,53,14,3292.77
17664.0,110,2,561.59
17665.0,129,1,563.1
17666.0,113,3,1319.6399999999999
17667.0,53,7,1828.29
17669.0,98,3,2735.63
17671.0,1,2,830.63
17672.0,53,5,2600.46
17673.0,11,8,2568.56
17674.0,4,1,300.66
17675.0,3,51,17507.74
17676.0,2,7,1339.25
17677.0,2,52,19647.41
17678.0,203,2,281.7
17679.0,157,9,1174.45
17680.0,19,3,278.1
17681.0,233,6,529.6
17682.0,4,6,1982.45
17683.0,21,3,819.01
17685.0,8,8,2736.64
17686.0,59,2,2557.35
17687.0,56,1,432.68
17688.0,10,2,286.5
17689.0,24,2,317.08
17690.0,2,8,2685.2
17691.0,4,4,479.45
17692.0,32,9,2228.96
17694.0,147,2,1412.85
17695.0,24,4,955.2
17696.0,16,34,5179.84
17699.0,112,2,442.0
17700.0,1,12,4121.98
17702.0,1,4,1192.07
17703.0,54,1,296.1
17705.0,91,2,260.38
17706.0,2,24,9446.53
17707.0,12,7,452.65000000000003
17708.0,38,2,620.85
17709.0,106,4,533.56
17710.0,59,1,293.5
17713.0,18,4,1198.09
17714.0,21,8,1223.58
17715.0,228,1,163.2
17716.0,32,15,10165.53
17717.0,57,1,376.92
17718.0,262,2,247.63
17720.0,3,9,1519.12
17721.0,295,1,307.21000000000004
17722.0,2,2,2006.32
17723.0,11,1,102.0
17726.0,31,8,1089.56
17728.0,40,3,1345.45
17729.0,232,1,438.65000000000003
17730.0,18,8,2468.52
17731.0,257,2,468.88
17732.0,8,10,2144.17
17734.0,161,3,741.69
17735.0,3,11,4052.56
17738.0,31,10,2282.01
17739.0,10,12,4932.09
17740.0,25,6,426.9
17741.0,42,2,101.1
17742.0,64,9,1743.3700000000001
17743.0,78,2,208.85
17744.0,16,1,326.74
17745.0,113,2,600.34
17746.0,107,5,774.63
17748.0,163,1,358.15
17749.0,182,1,351.66
17751.0,57,1,157.85999999999999
17753.0,100,5,379.56
17754.0,10,10,2750.77
17755.0,60,1,-72.23
17756.0,11,3,728.75
17757.0,4,31,3713.3
17758.0,63,4,1555.83
17759.0,29,2,441.92
17760.0,9,6,624.09
17762.0,92,1,129.75
17763.0,281,4,36.15
17764.0,38,3,741.02
17765.0,84,1,156.37
17766.0,17,2,299.61
17767.0,46,1,141.85
17768.0,23,5,1205.8799999999999
17769.0,19,9,3024.88
17771.0,72,2,141.6
17772.0,28,1,187.3
17773.0,150,2,575.37
17774.0,33,8,1687.7
17776.0,22,3,323.81
17778.0,297,1,197.70000000000002
17780.0,303,3,346.56
17782.0,18,2,679.02
17783.0,148,1,93.49
17784.0,186,1,112.86
17785.0,81,2,271.44
17787.0,7,1,736.28
17789.0,297,1,171.25
17790.0,14,6,815.11
17792.0,103,2,368.35
17794.0,322,2,147.3
17796.0,5,4,661.04
17797.0,31,5,1191.44
17798.0,217,1,178.07
17799.0,25,12,3112.46
17801.0,87,4,767.48
17802.0,8,13,3657.3
17803.0,28,1,184.66
17804.0,12,4,378.68
17805.0,246,1,414.72
17807.0,31,3,437.87
17808.0,184,4,262.64
17809.0,7,12,5871.2300000000005
17810.0,304,3,343.21
17811.0,10,9,1756.73
17812.0,4,4,405.48
17814.0,11,2,1609.37
17815.0,29,1,591.96
17816.0,1,3,75.76
17817.0,14,4,393.77
17818.0,373,1,124.78
17819.0,7,6,2907.65
17820.0,10,1,180.60999999999999
17821.0,42,1,334.62
17822.0,56,5,2162.93
17823.0,57,2,449.25
17825.0,234,4,701.96
17826.0,10,1,133.34
17827.0,220,2,382.09
17829.0,45,5,3791.1800000000003
17833.0,359,1,338.46000000000004
17834.0,50,2,689.6700000000001
17838.0,1,11,3769.9500000000003
17840.0,79,1,175.9
17841.0,1,126,28844.93
17842.0,238,1,430.69
17843.0,47,1,114.92
17845.0,191,4,596.09
17847.0,151,2,129.69
17848.0,53,22,2645.16
17849.0,116,4,457.96000000000004
17850.0,8,158,50495.5
17851.0,58,6,1552.35
17852.0,24,3,543.47
17853.0,43,3,1596.29
17854.0,98,4,757.24
17855.0,8,1,208.97
17857.0,1,2,1803.2
17858.0,5,21,7539.89
17860.0,4,4,717.39
17861.0,21,13,2968.91
17862.0,21,3,923.99
17863.0,5,7,2585.2
17864.0,21,2,321.72
17865.0,11,35,15428.31
17866.0,120,2,805.3000000000001
17867.0,46,12,273.03
17868.0,22,1,227.15
17869.0,4,3,599.78
17870.0,2,2,1213.8
17871.0,33,4,913.05
17872.0,17,1,235.87
17873.0,9,15,4429.8
17875.0,324,1,167.1
17876.0,35,3,3424.02
17878.0,31,2,999.48
17880.0,275,2,366.0
17882.0,15,2,291.56
17883.0,175,4,308.18
17884.0,4,21,2281.92
17886.0,73,4,693.32
17888.0,10,21,790.1700000000001
17889.0,10,5,545.05
17894.0,2,13,1236.67
17897.0,3,9,1943.25
17898.0,88,2,147.12
17901.0,157,2,149.7
17902.0,182,1,216.39999999999998
17903.0,30,1,381.09000000000003
17905.0,9,11,1571.08
17907.0,276,1,291.76
17908.0,9,7,1088.82
17909.0,373,1,110.05
17910.0,362,1,261.7
17912.0,11,1,64.49
17913.0,36,12,3020.64
17915.0,187,1,225.78
17916.0,264,2,43.87
17918.0,136,3,396.39
17919.0,74,1,536.28
17920.0,4,41,20130.69
17921.0,14,8,1533.98
17922.0,179,1,170.4
17923.0,163,2,289.5
17924.0,8,3,550.95
17925.0,8,1,244.08
17926.0,80,3,638.2
17927.0,357,1,294.0
17928.0,207,1,128.7
17929.0,23,8,2239.1
17930.0,15,10,2502.44
17931.0,33,16,2862.55
17933.0,268,1,114.69
17934.0,42,1,344.90000000000003
17935.0,36,6,509.75
17938.0,56,1,144.29
17940.0,81,8,24976.44
17941.0,226,3,1128.72
17943.0,315,1,-165.03
17944.0,59,1,74.99
17945.0,332,3,360.35
17949.0,7,87,46144.75
17950.0,1,7,937.18
17951.0,9,2,627.5400000000001
17952.0,14,4,788.46
17953.0,176,1,159.17000000000002
17954.0,3,14,1521.79
17955.0,291,2,392.6
17958.0,364,1,465.42
17959.0,228,1,140.75
17960.0,158,2,61.300000000000004
17961.0,8,64,1681.4
17962.0,185,4,550.15
17963.0,107,4,643.16
17964.0,8,1,261.76
17965.0,1,21,4434.81
17966.0,227,5,865.49
17967.0,7,2,223.42
17968.0,9,4,590.4399999999999
17969.0,138,25,2007.34
17971.0,184,1,161.94
17974.0,17,3,1035.1
17975.0,2,13,2521.2200000000003
17976.0,8,1,321.79
17977.0,22,2,1165.41
17978.0,1,4,1159.99
17980.0,29,1,201.27
17981.0,46,1,239.12
17982.0,316,1,138.18
17983.0,31,1,171.71
17984.0,28,4,999.51
17987.0,12,5,691.35
17988.0,123,7,288.42
17989.0,15,1,207.32999999999998
17990.0,16,4,891.73
17991.0,227,1,206.95
17992.0,25,1,252.88
17993.0,253,1,225.99
17994.0,24,8,1593.49
17995.0,18,2,419.38
17996.0,15,3,482.33
17998.0,16,4,601.74
17999.0,2,2,338.41
18000.0,200,1,124.25
18001.0,85,4,509.01
18002.0,11,4,244.37
18003.0,12,1,353.51
18006.0,17,3,524.83
18007.0,28,1,215.22
18008.0,51,14,17642.89
18009.0,73,12,1823.19
18011.0,9,2,410.79
18012.0,359,1,115.3
18016.0,46,2,476.90000000000003
18017.0,67,1,165.0
18018.0,35,3,34.55
18020.0,179,2,129.28
18021.0,145,2,216.41
18022.0,21,4,894.53
18023.0,176,1,-3248.86
18025.0,15,6,1177.72
18026.0,136,2,2074.07
18028.0,219,1,192.05
18029.0,278,1,433.77
18031.0,14,1,451.3
18034.0,11,1,335.52
18035.0,21,2,546.34
18036.0,21,8,1142.37
18037.0,57,9,97.39999999999999
18038.0,192,1,141.48
18039.0,10,4,548.22
18041.0,1,21,4475.81
18042.0,177,1,116.1
18043.0,2,1,287.91
18044.0,23,8,1417.01
18046.0,285,1,189.63
18047.0,17,2,326.09
18048.0,129,1,222.64
18049.0,73,2,500.92
18050.0,29,1,337.66
18051.0,270,8,2275.98
18052.0,200,1,10877.18
18053.0,120,4,230.7
18054.0,28,1,176.5
18055.0,3,6,4381.78
18056.0,232,2,176.1
18057.0,29,3,1188.46
18058.0,177,2,603.9
18060.0,44,2,1185.46
18061.0,2,20,4361.06
18062.0,16,6,802.85
18063.0,26,2,186.60000000000002
18064.0,82,13,3613.98
18065.0,24,17,3456.8
18066.0,22,2,1122.4
18069.0,19,6,2455.68
18070.0,305,2,307.75
18071.0,1,5,975.63
18074.0,9,2,1019.44
18075.0,10,17,3041.19
18076.0,16,1,151.49
18077.0,2,8,1699.25
18078.0,61,2,389.40000000000003
18079.0,127,1,590.78
18083.0,33,1,463.53
18084.0,10,3,88.5
18085.0,9,3,955.8000000000001
18087.0,15,17,10641.5
18089.0,82,1,428.45
18090.0,57,1,321.9
18091.0,229,1,360.85
18092.0,1,9,7107.43
18093.0,80,4,2346.19
18094.0,82,8,3305.32
18095.0,63,3,1723.04
18096.0,78,3,808.81
18097.0,15,7,1959.3200000000002
18098.0,32,1,527.94
18100.0,186,1,451.56
18101.0,10,3,399.61
18102.0,1,95,341776.73
18103.0,185,1,105.8
18106.0,112,5,1019.16
18107.0,78,1,165.88
18108.0,232,2,577.8100000000001
18109.0,5,15,1816.5900000000001
18110.0,47,1,193.48000000000002
18111.0,219,2,398.9
18112.0,54,2,420.67
18113.0,4,1,76.32000000000001
18115.0,333,1,9.700000000000001
18116.0,12,5,731.38
18118.0,5,5,1062.95
18119.0,3,1,180.7
18123.0,149,1,92.2
18124.0,108,1,102.65
18127.0,39,1,209.05
18128.0,173,1,399.29
18131.0,267,1,222.95999999999998
18132.0,140,1,220.13
18134.0,234,2,445.0
18135.0,28,8,547.3100000000001
18136.0,38,5,769.88
18137.0,187,2,145.99
18140.0,109,1,536.41
18141.0,29,3,873.97
18144.0,9,8,2169.25
18145.0,18,8,2730.4900000000002
18148.0,282,1,112.85000000000001
18149.0,40,4,941.88
18151.0,56,5,1200.59
18152.0,282,1,426.69
18153.0,295,1,246.22
18154.0,24,3,533.41
18156.0,5,1,186.88
18157.0,207,1,213.9
18160.0,22,1,365.82
18161.0,15,1,184.41
18162.0,368,1,371.51
18163.0,196,2,639.34
18166.0,259,1,175.5
18168.0,8,15,2474.91
18170.0,10,6,1897.69
18171.0,106,4,1206.0
18172.0,16,38,9799.06
18173.0,248,1,589.52
18174.0,239,1,58.5
18175.0,311,1,176.1
18177.0,196,3,875.45
18178.0,38,9,4481.08
18179.0,158,2,754.38
18181.0,36,6,799.76
18182.0,99,1,291.13
18186.0,358,1,329.58
18187.0,259,3,682.19
18188.0,66,4,1264.7
18189.0,255,2,312.24
18190.0,239,3,461.16
18191.0,113,1,321.59999999999997
18193.0,2,3,942.74
18194.0,74,5,3188.2000000000003
18195.0,23,1,101.16
18196.0,107,2,770.56
18197.0,149,2,221.4
18199.0,311,2,342.2
18201.0,358,1,447.53000000000003
18203.0,17,3,332.1
18206.0,189,1,314.65999999999997
18207.0,129,3,505.12
18208.0,201,1,360.08
18210.0,18,1,147.45
18212.0,313,1,298.3
18214.0,166,5,1480.99
18215.0,36,5,1924.65
18217.0,149,4,281.05
18218.0,232,2,479.91999999999996
18219.0,4,9,1487.6200000000001
18220.0,30,9,1473.92
18221.0,21,2,337.03
18223.0,21,25,7182.35
18225.0,1,19,7284.59
18226.0,14,24,6556.48
18227.0,113,2,0.0
18229.0,2,10,3526.81
18230.0,1,3,1474.1100000000001
18231.0,42,24,4766.7
18234.0,187,1,179.6
18236.0,24,6,913.11
18238.0,151,1,270.92
18239.0,8,2,588.75
18241.0,51,5,896.0
18242.0,81,4,1372.72
18243.0,50,1,515.78
18244.0,66,2,568.64
18245.0,10,15,3728.67
18246.0,245,1,162.72
18247.0,45,6,721.43
18251.0,81,8,21964.14
18252.0,184,6,938.92
18253.0,278,1,317.88
18254.0,217,1,267.9
18255.0,92,1,199.85
18256.0,23,1,110.7
18257.0,82,6,2231.42
18258.0,100,8,2040.97
18259.0,2,5,1979.6000000000001
18260.0,10,24,7156.95
18262.0,29,2,428.06
18264.0,134,1,603.25
18266.0,70,1,251.1
18267.0,295,2,252.87
18268.0,227,6,1451.22
18269.0,2,1,168.6
18270.0,68,1,161.4
18271.0,245,2,680.85
18272.0,65,4,1282.55
18273.0,226,1,153.0
18275.0,214,2,741.85
18276.0,21,7,1297.31
18277.0,24,6,1013.75
18278.0,40,1,240.3
18279.0,155,1,231.33999999999997
18280.0,16,2,291.85
18281.0,213,1,120.32
18283.0,18,6,619.37
18284.0,65,2,436.68
18285.0,296,1,427.0
18286.0,112,3,1188.43
18287.0,18,5,2340.61
